उत्साहहीनता,,उत्साह,हीनता
पहिनना,,पहिनना,
व्यतियों,,व्यति,यों
अतुलनीय,,अतुल,नीय
पेस्टील,,पेस्टील,
चोंगा,,चोंग,ा
आधार,,आधार,
घोड़े,,घोड़े,
सहस्रपति,,सहस्र,पति
सदयता,,सदय,ता
घुसाना,,घुसा,ना
ढांपकर,,ढांपकर,
लेखन,,लेख,न
मिस्पार,,मिस्पार,
मिलना,,मिल,ना
कारयवाई,,कारय,वाई
गूएल,,गूएल,
सहानुभूतिअ,सह,ानुभूति,अ
धुलने,,धुलने,
नम्रता,,नम्र,ता
रक्षाहीनता,,रक्षाहीन,ता
मतली,,मतली,
पंहुचा,,पंहुच,ा
अश्रांत,,अश्रांत,
मथना,,मथ,ना
वज्रबधिर्,वज्र,बधिर्,
कैमोमाइल,,कैमोमाइल,
माफिया,,माफिया,
प्रत्यभिज्ञा,,प्रत्यभिज्ञा,
निस्वार्थ,नि,स्वार्थ,
सम्भाविकी,,सम्भाविक,ी
दोपका,,दोपका,
हुप्पीम,,हुप्पीम,
सल्लै,,सल्लै,
मिलिफ़ोलियम,,मिलिफ़ोलियम,
प्रचलित,प्र,चलित,
पचानना,,पचानना,
सप्तर्षिमण्डल,सप्तर्षि,मण्डल,
उपयोगकर्ता,,उपयोग,कर्ता
चौड़े,,चौड़े,
अब्रोना,,अब्रोना,
अस्ति,,अस्ति,
विशेषणीय,,विशेषण,ीय
कांपेंगे,,कांपेंगे,
उपकारक,उप,कारक,
दुखी,,दुख,ी
ध्यन,,ध्यन,
बादल,,बादल,
घुँघरालापन,,घुँघराला,पन
विहार,,विहार,
वीरतापूर्वक,,वीरता,पूर्वक
मृतावस्था,मृत,ावस्था,
रिसयाने,,रिसयाने,
बाते,,बात,े
मद्यव्यसनी,मद्य,व्यसन,ी
मूत्र,,मूत्र,
समजना,,समज,ना
हुँह,,हुँ,ह
सुखविलास,,सुख,विलास
कौपी,,कौपी,
ऊटपटांग,,ऊटपटांग,
पवनार,,पवन,ार
स्वादित,,स्वाद,ित
ल्यूसाइट,,ल्यूसाइट,
पंहुचे,,पंहुच,े
संकेतशब्द,,संकेत,शब्द
कारबार,,कार,बार
उत्कृष्ठता,,उत्कृष्ठ,ता
डकारना,,डकार,ना
खिंचे,,खिंचे,
सैकड़ो,,सैकड़,ो
ज़ब्ती,,ज़ब्त,ी
शूर,,शूर,
फिंकवा,,फिंक,वा
नास्तिकपन,,नास्तिक,पन
बातें,,बात,ें
चंचु,,चंचु,
चिताना,,चिता,ना
आदृत,,आदृत,
प्यादे,,प्यादे,
प्रत्यागमन,,प्रत्यागम,न
अभावुक,अ,भावुक,
गथ,,गथ,
पछताथे,,पछताथे,
शैकेल,,शैकेल,
एक्युमुलेटर,,एक्युमुलेटर,
शपन्याह,,शपन्याह,
हुँकार,,हुँकार,
अनवबोधकता,,अनवबोध,कता
लाभहीन,,लाभहीन,
अधिकांस,,अधिकांस,
असीमित,,असीम,ित
मल्लोती,,मल्ल,ोती
मोनोतै,,मोनो,तै
व्यापार,,व्यापार,
हशय्याह,,हशय्या,ह
थकता,,थक,ता
विनियम,वि,नियम,
रूढ़िगत,,रूढ़िगत,
कसनी,,कसनी,
विदरस्पून,,विदरस्पून,
साथ,,साथ,
चार्ल्स,,चार्ल्स,
वाणिज्यिकीय,,वाणिज्य,िकीय
पट्टेदार,,पट्टेदार,
कसलूही,,कसलूही,
पम्प्,,पम्प,्
आराधना,,आराध,ना
स्पानिष,,स्पानिष,
इल्ली,,इल्ली,
खतराअ,,खतरा,अ
खुलवा,,खुल,वा
करोगे,,कर,ोगे
पेन,,पेन,
अंतर्जातिय,,अंतर्जाति,य
शस्त्रधारी,,शस्त्र,धारी
एकात्मता,एक,ात्म,ता
परवान,,परवान,
तारकोली,,तारकोल,ी
सविस्तार,स,विस्तार,
दुरानुभूति,दुर,ानुभूति,
पटपटाना,,पट,पटाना
संस्करण,,संस्करण,
उत्साहहीन,,उत्साह,हीन
अहिंदू,अ,हिंदू,
ज़ाइमेस,,ज़ाइमेस,
स्टार्ची,,स्टार्ची,
नाटकअ,,नाटक,अ
सदस्यो,,सदस्य,ो
वंदे,,वंदे,
वर्जीनियानस,,वर्जीनियानस,
सजा,,सजा,
मानहानि,,मानहान,ि
खराटे,,खराटे,
निवेषक,,निवेष,क
सबाई,,सबा,ई
ऐय्याशी,,ऐय्याश,ी
राजाधिकारयुक्त,,राजाधिकार,युक्त
कुशील,,कुशील,
सुलेमान,,सुलेमान,
उल्झनकारी,,उल्झन,कारी
घूम,,घूम,
इन,,इन,
विज्ञानविषयक,विज्ञान,विषयक,
मधुयष्टिका,मधु,यष्टिका,
बोलिंग,,बोलिंग,
क्षेत्रातित,,क्षेत्र,ातित
हटूँगा,,हटूँगा,
मॉनिटर,,मॉनिटर,
रक्तस्रावी,,रक्त,स्रावी
प्रकाष्ठा,,प्रकाष,्ठा
शल्यक्रियोत्तर,,शल्यक्रियोत्तर,
घुड़सवारों,,घुड़सवार,ों
उड़नेवाला,,उड़नेवाला,
ग्वाडालूप,,ग्वाड,ालूप
विनोदप्रिय,,विनोद,प्रिय
अपवित्रीकरण,अ,पवित्र,ीकरण
निर्यात,,निर्यात,
विनिर्मित,वि,निर्मित,
प्रोजेक्ट,,प्रोजेक्ट,
लोफ़र,,लोफ़र,
आफ़िसर,,आफ़िसर,
अस्तित्वात्मक,,अस्तित्व,ात्मक
स्टेथोस्कोप,,स्टेथोस्कोप,
देहात,,देह,ात
पहँुचना,,पहँुच,ना
निपट,,निपट,
समग्र,,समग्र,
उत्तराखंड,,उत्तराखंड,
सप्रयोजन,,सप्रयोजन,
गलतुण्डिका,,गलत,उण्डिका
शौक़ीन,,शौक,़ीन
मुकाब़ला,,मुकाब़ला,
वनपशुओें,,वनपशु,ओें
प्रतियों,,प्रति,यों
अधमूआ,अध,मूआ,
उपायांे,,उपाय,ांे
यत्रतत्रिक,,यत्रतत्र,िक
बहुस्वर,,बहु,स्वर
हार्ड,,हार्ड,
घुंडियां,,घुंडियां,
कर्ड,,कर्ड,
आभिय्ंअता,,आभिय्ंअता,
चुनट,,चुनट,
दीवानों,,दीवानों,
भासित,,भास,ित
मोनू,,मोनू,
करुबों,,करुब,ों
दिकपुलिस,दिक,पुलिस,
असंसदीय,अ,संसद,ीय
तकलीफ़देह,,तकलीफ़,देह
रीड,,रीड,
अंतरापर्शुक,अंतरा,पर्शुक,
पशुशाला,,पशु,शाला
झड़प,,झड़प,
अभियान,,अभियान,
नुक्सानदेह,,नुक्सान,देह
हूक,,हूक,
झपकता,,झपकता,
समयांकन,,समय,ांकन
सनकीपन,,सनकी,पन
निर्णायक,,निर्णायक,
दीक्षास्नान,,दीक्षा,स्नान
चूलदार,,चूल,दार
हुज़ूरिया,,हुज़ूर,िया
बहुभाषी,,बहुभाषी,
चटखने,,चटखने,
मूँदकर,,मूँद,कर
सेंक,,सेंक,
अर्धकुशल,अर्ध,कुशल,
सेवारत,,सेवा,रत
उत्तमोत्तम,,उत्तम,ोत्तम
डबरे,,डबरे,
सेंधा,,सेंधा,
उतार,,उतार,
स्वास्थ्य,,स्वास्थ,्य
सँवरा,,सँवर,ा
कूदने,,कूद,ने
रूद्ध,,रूद्ध,
गुड़िया,,गुड़िया,
बेदाग़,बे,दाग़,
यश्माक,,यश्म,ाक
मज्जा,,मज्ज,ा
सिलवटदार,,सिलवट,दार
अावश्यक,,अावश्यक,
चुनाव,,चुनाव,
जरसी,,जरसी,
सोआर,,सोआर,
गिनै,,गिन,ै
प्रोजेक्टर,,प्रोजेक्टर,
शास्त्रीयगायन,,शास्त्रीय,गायन
मनु,,मनु,
महासचिव,महा,सचिव,
सबर,,सबर,
मैत्रीभाव,,मैत्री,भाव
होशाना,,होश,ाना
पररूपधारक,,पररूप,धारक
सरोकार,,सरोकार,
वित्तपोषित,वित्त,पोषित,
स्नातिका,,स्नाति,का
खुफिया,,खुफिया,
हमवतनअ,,हमवतन,अ
लेटेगा,,लेटेगा,
बहिष्करण,,बहिष्करण,
सांस,,सांस,
बेवखूफ़,,बेवखूफ़,
अल्पस्थायी,अल्प,स्थायी,
26,,26,
छूटी,,छूट,ी
बढ़िया,,बढ़,िया
ओदेद,,ओद,ेद
डेमोक्रेटिक,,डेमोक्रेट,िक
खटका,,खटक,ा
संचित,,संचित,
कमरपेटी,,कमरपेट,ी
टंगी,,टंग,ी
डग,,डग,
मुँहफ़ट,,मुँहफ़ट,
पवित्रीकरण,,पवित्रीकरण,
होकरना,हो,करना,
अंबुद,,अंबु,द
पाइनस,,पाइनस,
थरथराते,,थरथराते,
अणुजीव,,अणुजीव,
सीज़ियम,,सीज़ियम,
रंगरेज़,,रंगरेज़,
लघूत्तरी,,लघूत्तर,ी
अलोपीदीन,,अलोपीदीन,
वक्राणु,,वक्र,ाणु
अकलंकित,,अकलंक,ित
चुगलखोर,,चुगलखोर,
फ़रस,,फ़रस,
ऑस्कर,,ऑस्कर,
नगर्,,नगर,्
ब्रिस्टल,,ब्रिस्टल,
नीलमी,,नीलम,ी
छुटके,,छुटके,
इक्कीसवीं,,इक्कीसवीं,
वाटरलू,,वाटरलू,
प्रताड़नापूर्ण,,प्रताड़ना,पूर्ण
हजीएल,,हजीएल,
गुस्स,,गुस्स,
साहसपूर्ण,,साहस,पूर्ण
किर्यत,,किर्यत,
निबंधकार,,निबंध,कार
जन्मसिद्ध,,जन्म,सिद्ध
सिरका,,सिरका,
पड़ोस,,पड़ोस,
दस्तंदाज़ीई,,दस्तंदाज़ी,ई
तलब,,तलब,
पकड़ाते,,पकड़,ाते
दूरसंचार,दूर,संचार,
भ्रूणास्थिशोथग्रस्त,,भ्रूणास्थिशोथ,ग्रस्त
अनिच्छित,अन,िच्छित,
प्रत्याशा,,प्रत्याश,ा
उपनिवेषवाद,उप,निवेष,वाद
कवचधारी,,कवच,धारी
फ़र्न,,फ़र्न,
श्राप,,श्राप,
रोजमर्रा,,रोज,मर्रा
यूरोसिस्टिस,,यूरोसिस्टिस,
पुष्टतासे,,पुष्टता,से
सुविचार,सु,विचार,
फलेंगे,,फल,ेंगे
विपाशित,वि,पाश,ित
पानीई,,पानी,ई
अशरीरिक,अ,शरीर,िक
समाशोधनगृह,,समाशोधन,गृह
डाहलगैट,,डाहल,गैट
सुदर्शन,सु,दर्शन,
प्रीमियर,,प्रीमियर,
वाक्कौशल,वाक्,कौशल,
विद्‌युतधारा,,विद्‌युत,धारा
मुख्याध्यापक,मुख्य,ाध्यापक,
तद्‌धित,,तद्‌धित,
छटपटाहट,,छटपट,ाहट
बँधा,,बँध,ा
जीवन्तता,,जीवन्त,ता
गौतमी,,गौतम,ी
नवगीत,नव,गीत,
आत्मदया,,आत्म,दया
मांगने,,मांग,ने
दायक,,दायक,
सन्निक,,सन्निक,
परंपराएँ,,परंपरा,एँ
चिड़ियों,,चिड़िय,ों
उद्‌योग,,उद्‌योग,
जीवाश्मिकी,,जीवाश्म,िकी
झगड़ों,,झगड़,ों
होल्डर,,होल्डर,
सौगात,,सौगात,
स्तोईकी,,स्तोईक,ी
नारान,,नार,ान
अभिषद,,अभिषद,
दिनभर,,दिन,भर
बाग़वानी,,बाग़वान,ी
महलसरा,,महल,सरा
मियाँमिट्ठू,,मियाँमिट्ठू,
अभिदाता,अभि,दाता,
कॉंगरेस,,कॉंगरेस,
फाढ़,,फाढ़,
इच्छानुकूलता,,इच्छानुकूल,ता
विचारहीन,,विचार,हीन
डायनमो,,डायनमो,
मिक्सर,,मिक्सर,
ओनाम,,ओनाम,
पदधारण,,पद,धारण
परमार्थ,पर,मार्थ,
सबोईम,स,बोईम,
कबार,,कबार,
आदिगुणों,,आदिगुण,ों
्रस्तुत,्र,स्तुत,
बढ़ता,,बढ़,ता
कोन्याह,,कोन्या,ह
चरचराहट,,चरचर,ाहट
दूतावास,,दूत,ावास
डीलडौल,,डीलडौल,
सामन्जस्य,,सामन्जस्य,
सिंची,,सिंच,ी
भेंटवाला,,भेंट,वाला
कीटनाशक,,कीट,नाशक
उर्वशी,,उर्वशी,
संवारी,,संवार,ी
फंसाने,,फंसा,ने
मेम्ना,,मेम्ना,
पीछड़ना,,पीछड़,ना
कर्जा,,कर्ज,ा
सोफ़्,,सोफ़्,
ध्यान,,ध्यान,
बरबादी,,बरबाद,ी
दखलंदाज़,,दखलंदाज़,
मजोरंजक,,मजोरंज,क
दख़ल,,दख़ल,
धंसता,,धंस,ता
पुरोहितवत्,,पुरोहित,वत्
कंर्मचारी,,कंर्म,चारी
असंसोधित,अ,संसोधित,
चमचमाना,,चमचमाना,
वैट,,वैट,
मध्यवर्ग,,मध्य,वर्ग
आखिरकार,,आखिर,कार
नीबू,,नीबू,
भोजनकालिन,,भोजन,कालिन
व्यभिचारिणीयों,,व्यभिचार,िणीयों
वीभत्‍स,,वीभत्‍स,
खिसकना,,खिसक,ना
झुकूं,,झु,कूं
प्रमाणबद्ध,,प्रमाण,बद्ध
बँधना,,बँध,ना
उभरने,,उभर,ने
उजरती,,उजरत,ी
तौलते,,तौल,ते
रूठा,,रूठ,ा
बैंहत्थे,,बैंह,त्थे
आसमानी,,आसमानी,
लाऊंगी,,लाऊ,ंगी
आधुनिकीकरण,,आधुनिक,ीकरण
शेट्लैण्ड,,शेट्लैण्ड,
जलद,,जल,द
बेचोगे,,बेच,ोगे
नई,,नई,
इशारे,,इशार,े
वाद्ययंत्र,वाद्य,यंत्र,
नफ़ैलोडीज़,,नफ़ैलोडीज़,
सुमति,,सुम,ति
महला,,महल,ा
छेड़ें,,छेड़,ें
मोजे,,मोज,े
चेस,,चेस,
प्रश्नपत्र,,प्रश्न,पत्र
साठवाँ,,साठ,वाँ
मूरतों,,मूरत,ों
छिटकना,,छिटक,ना
घूंसा,,घूंस,ा
चर्वण,,चर्व,ण
छिप,,छिप,
असहायकता,अ,सहायकता,
रोने,,रोन,े
देहावशेष,,देह,ावशेष
कपोत,,कपोत,
छत्तीसवें,,छत्तीस,वें
पुष्पेंद्र,,पुष्प,ेंद्र
द्वीप,,द्वीप,
वाआ,,वा,आ
ललमुहाँ,लल,मुहाँ,
अन्देशा,,अन्देश,ा
बैठ्ना,,बैठ,्ना
समंजन,,समंजन,
गलील,,गलील,
टौन,,टौन,
यिस्री,,यिस्री,
अंधविश्वास,अंध,विश्वास,
पंजी,,पंजी,
कानून,,कानून,
बाशा,,बाशा,
सहबद्धता,सह,बद्धता,
मातृत्व,,मातृ,त्व
श्राविका,,श्राविक,ा
बदबूदार,,बदबू,दार
विस्मरण,वि,स्मरण,
मण्डलाता,,मण्डल,ाता
छोड़ते,,छोड़,ते
प्रागितिहास,,प्रागित,िहास
परिष्कृत,,परिष्कृत,
पंखयुक्त,,पंख,युक्त
मध्‍यकालीन,,मध्‍यकाल,ीन
चूकते,,चूक,ते
व्यंगपूर्वक,,व्यंग,पूर्वक
दुर्भावनापूर्ण,,दुर्भावना,पूर्ण
भाग्यवश,,भाग,्यवश
तोहफ़ा,,तोहफ़ा,
लाइट,,लाइट,
जूता,,जूता,
टहलाना,,टहल,ाना
पहाड,,पहाड,
निबंधक,,निबंध,क
निर्बन्ध,,निर्बन्ध,
ट्रैश,,ट्रैश,
दर,,दर,
कथासंवाद,,कथा,संवाद
रोंए,,रोंए,
सर्वश्रेषठ,सर्व,श्रेषठ,
शमक,,शम,क
स्लिंग,,स्लिंग,
मानक,,मान,क
महावाद्य,महा,वाद्य,
गूढार्थ,,गूढ,ार्थ
मेराराेम,,मेरा,राेम
कौवा,,कौवा,
अधिमूल्यांकन,अधि,मूल्यांकन,
लुग्दी,,लुग्दी,
भोलों,,भोल,ों
ग्लानि,,ग्लानि,
मेंढ़ों,,मेंढ़,ों
मंगलसूचक,,मंगल,सूचक
करनेवालो,,करने,वालो
थेसेरियों,,थेसेरि,यों
धनीदेश,,धनी,देश
भयावहता,,भयावहता,
पखवाड़ा,,पखवाड़ा,
दुखः,,दुख,ः
लुंठित,,लुंठ,ित
मुड़ाई,,मुड़,ाई
इस्राएलियोंको,,इस्राएल,ियोंको
स्मारिका,,स्मारिक,ा
इन्द्रजीत,,इन्द्रजीत,
ईर्ष्यापूर्वक,,ईर्ष्या,पूर्वक
उड़ाना,,उड़,ाना
कसवाकर,,कसव,ाकर
मुंढ़वाता,,मुंढ़,वाता
अप्रफुल्ल,अ,प्रफुल्ल,
सूक्तिपूर्ण,,सूक्ति,पूर्ण
शूशनी,,शूश,नी
स्नेक,,स्नेक,
सिख,,सिख,
पियू,,पियू,
अड़ंगा,,अड़ंगा,
वैतरणी,,वैतरणी,
पूर्वकालिक,,पूर्वकाल,िक
सूचीकरण,,सूची,करण
वर्षगाँठ्,,वर्ष,गाँठ्
मॉंगने,,मॉंग,ने
बड़ाना,,बड़ा,ना
क्रमचय,,क्रम,चय
कोपपाड,,कोप,पाड
परंपरानिष्ठा,,परंपरा,निष्ठा
बैठअना,,बैठ,अना
नोटपेपर,नोट,पेपर,
इज्जत,,इज्जत,
संवैधानिक,,संवैधान,िक
प़वीण,,प़वी,ण
प्राणदण्डस्थगन,,प्राणदण्ड,स्थगन
गाँववालों,,गाँव,वालों
चाशनी,,चाशनी,
सिंहनी,,सिंह,नी
छंटे,,छंट,े
वातहर,,वात,हर
सिद्ध्य,,सिद्ध,्य
डुबाओ,,डुबा,ओ
चौंक,,चौंक,
प्रांगण,,प्रांगण,
नादाब,,नादाब,
चिपकू,,चिपक,ू
चश्मे,,चश्म,े
आवक,,आवक,
गाडियाँ,,गाड,ियाँ
व्यभिचारों,,व्यभिचार,ों
शिक्षा,,शिक्षा,
कंगाल,,कंगाल,
`,,`,
विकासवाद,,विकास,वाद
चिट्रअ,,चिट्र,अ
फेंट,,फेंट,
पडूंगा,,पडूंगा,
घ्राण,,घ्राण,
जलाते,,जला,ते
आशाजनक,,आशा,जनक
सुदृढ़,,सुदृढ़,
कीचड़,,कीचड़,
वुल्स्टनक्राफ़्ट,,वुल्स्टनक्राफ़्ट,
ट्यूक्रियम,,ट्यूक्रियम,
बनाएगी,,बना,एगी
गृहस्थी,,गृहस्थ,ी
अतः,,अतः,
झपटते,,झपट,ते
दन,,दन,
छठवें,,छठ,वें
मादै,,माद,ै
निवृत्त,नि,वृत्त,
मुद्रण,,मुद्र,ण
शिक्षाशास्त्र,शिक्षा,शास्त्र,
सरसराहट,,सरसराहट,
अबोध,अब,ोध,
मुक्केबाज़ी,,मुक्क,ेबाज़ी
मऐसी,म,ऐस,ी
खूसट,,खूस,ट
भाषांतर,,भाषा,ंतर
उत्संग,,उत्संग,
ग्राफ़िक,,ग्राफ़िक,
अलकापति,,अलका,पति
खींचेंगे,,खींच,ेंगे
दण्डस्थगन,,दण्ड,स्थगन
मिद्यानी,,मिद्यानी,
कौन,,कौन,
खुले,,खुल,े
दयानिधि,,दया,निधि
लेनेवाला,,लेन,ेवाला
बीघा,,बीघा,
सुड़कना,,सुड़क,ना
अवस्त्र,अ,वस्त्र,
आखिरी,,आखिर,ी
टेक्निकल,,टेक्निक,ल
चारौं,,चार,ौं
मांदा,,मांदा,
चुटकी,,चुटक,ी
वैचारिक,,वैचार,िक
कार्यविधि,,कार्य,विधि
अरेखांकित,अ,रेखांकित,
मातृसत्तात्मक,,मातृसत्ता,त्मक
कर्नवल,,कर्न,वल
अनिरोध्य,,अनिरोध,्य
समझके,,समझ,के
बल्लेबाजों,,बल्लेबाज,ों
ग्रहन्,,ग्रह,न्
ऊगे,,ऊग,े
हर्म्मोन,,हर्म्मोन,
पश्चप्रभाव,पश्च,प्रभाव,
बैठ,,बैठ,
परिषदीय,,परिषद,ीय
चूसूँगा,,चूस,ूँगा
शीशमहल,,शीश,महल
बार्सिलोना,,बार्सिलोना,
तंत्रिकाविज्ञान,,तंत्रिक,ाविज्ञान
आहिंडन,आ,हिंड,न
पिटवाँ,,पिट,वाँ
खडा,,खडा,
लिखें,,लिख,ें
झोंपड़े,,झोंपड़,े
कोरही,,कोर,ही
स्यूडैकोरस,,स्यूडैकोरस,
शिशिक्षु,शि,शिक्षु,
उच्चकटिबंधीय,,उच्चकटिबंधी,य
तड़के,,तड़क,े
समूहों,,समूह,ों
दाढ,,दाढ,
वुडवर्ड,,वुडवर्ड,
पेशकारी,,पेशकार,ी
फ़ाइलोक्विनन,,फ़ाइलोक्विन,न
नृत्य,,नृत्य,
तंता,,तंत,ा
ठप्प,,ठप्प,
विरद्ध,,विरद्ध,
टेढा,,टेढा,
शुरूआती,,शुरू,आती
बढ़ा,,बढ़ा,
सरकारी,,सरकार,ी
नग्नतायुक्त,,नग्,नतायुक्त
असुलभ,अ,सुलभ,
विंडवर्ड,,विंडवर्ड,
इच्छाओं,,इच्छा,ओं
फिरवाए,,फिर,वाए
शेबेर,,शेबेर,
सम्मन,,सम्मन,
सवार,,सवार,
स्थिर,,स्थिर,
प्रतिकारक,,प्रतिकार,क
मणियों,,मणि,यों
औषधशाला,,औषध,शाला
लिप्त,,लिप्त,
अॅली,,अॅली,
सफलतापूर्वक,,सफलता,पूर्वक
बँधाया,,बँधा,या
श्रीनगर,,श्रीनगर,
बहुविधवाद,बहु,विधवाद,
घमासान,,घमासा,न
दिहाड़ी,,दिहाड़,ी
अवगति,अव,गति,
ज्ञन,,ज्ञन,
कंपित,,कंपित,
उत्तरपूर्व,,उत्तर,पूर्व
मुँअ,,मुँअ,
लूजर,,लूजर,
पृथक्कर्ण,,पृथक्,कर्ण
बोेला,,बोेल,ा
भात्मा,,भात,्मा
मातृहत्या,मातृ,हत्या,
सुकुमारता,,सुकुमार,ता
सचिन,,सचिन,
अनिधिक,अन,िधिक,
हायसिंथ,हाय,सिंथ,
यान्त्रिकत्व,,यान्त्रिक,त्व
हैना,,हैना,
आजा,,आ,जा
इ,,इ,
उपयोगी,,उपयोग,ी
कालर,,कालर,
मारूनअ,,मारून,अ
सामग्र,,सामग्र,
अधिमूल्य,अधि,मूल्य,
छिटककर,,छिटक,कर
सुई,,सुई,
रूरिटानिया,,रूरिटानिया,
जन्मचिन्ह,जन्म,चिन्ह,
फ़ौजदारी,,फ़ौजदार,ी
अन्तर्विषयक,अन्तर्,विषयक,
चहल,,चहल,
शरणार्थियों,,शरणार्थ,ियों
खण्डनीय,,खण्डन,ीय
सँगत,,सँगत,
हाँफ,,हाँफ,
शुद्धवादी,,शुद्ध,वादी
चुस्ती,,चुस्त,ी
ब्लूज,,ब्लू,ज
बिचला,,बिचला,
स्वस्तिक,,स्वस्ति,क
बचपनी,,बचपन,ी
अबूकीर,,अबू,कीर
संकट,,संकट,
विनोबा,,विनोबा,
अभिस्‍वीकृत,अभि,स्‍वीकृत,
जलप्रतिरोधी,जल,प्रतिरोधी,
ताड़,,ताड़,
कराके,,करा,के
कैपेसिटी,,कैपेसिटी,
म्ँआगना,,म्ँआग,ना
द्विबाहु,,द्वि,बाहु
नरकटों,,नरक,टों
एकाकीपन,,एकाकी,पन
शुक्रवाहिका,,शुक्र,वाहिका
ध्वजपोत,,ध्वज,पोत
भेडो,,भेड,ो
ढहाना,,ढह,ाना
अदोएल,,अदो,एल
धर्मपत्र,,धर्म,पत्र
अंतर्न्यास,,अंतर,्न्यास
अवगुंफित,अव,गुंफित,
महायुद्धअ,महा,युद्ध,अ
चेस्टर,,चेस्टर,
कालकोठरी,,काल,कोठरी
बिरंजी,,बिरंज,ी
जाएब,,जाए,ब
पौलीविनायल,,पौलीविनायल,
गुटका,,गुटका,
बदमाश,,बदमाश,
सफेदे,,सफेद,े
विरोधाभासपूर्ण,,विरोधाभास,पूर्ण
वाइरियन,,वाइरियन,
उखाड़े,,उखाड़,े
सलामत,,सलामत,
मुसीबतों,,मुसीबत,ों
टोडफ़्लैक्स,टोड,फ़्लैक्स,
वोलेटाइल,,वोलेटाइल,
खाँसने,,खाँस,ने
टौती,,टौत,ी
आगरे,,आगर,े
अकरण,अ,करण,
भोगने,,भोग,ने
मल्लाह,,मल्ल,ाह
स्फीत,,स्फी,त
प्रार्थनास्थान,,प्रार्थना,स्थान
महानगर,महा,नगर,
अरुब्बोत,अ,रुब्बोत,
चुनांचे,,चुनांच,े
अपरिमार्जित,अ,परिमार्जित,
कुशाग्रआ,,कुशाग्र,आ
विशेषक्षण,,विशेष,क्षण
प्रशंसारहित,,प्रशंसार,हित
पेटेंट,,पेटेंट,
सुमतराश,,सुमत,राश
वृष्‍टि,,वृष्‍टि,
अंतःस्त्रावी,अंतः,स्त्रावी,
विरूद्ध,,विरूद्ध,
भूकंपमापी,,भूकंप,मापी
प्रजेता,,प्रजेता,
कटलरी,,कटलरी,
ग्लास,,ग्लास,
घबड़ाहट,,घबड़ाहट,
उम्मा,,उम्मा,
गैसों,,गैस,ों
माँगे,,माँग,े
शुष्कक,,शुष्क,क
उतावला,,उतावला,
शुक्रग़ुज़ार,,शुक्रग़ुज़ार,
हर्बोना,,हर्बोना,
लौहयुग,,लौह,युग
वाशिंग्टनवासी,,वाशिंग्टन,वासी
पापमय,,पाप,मय
एथनल,,एथनल,
आयास,,आयास,
अभाग्य,अ,भाग्य,
जेठ,,जेठ,
शरणस्थल,,शरण,स्थल
बागडोर,,बागड,ोर
हुल्लड़बाज,,हुल्लड़,बाज
अश्शूर्,,अश्शूर्,
कालाशों,,कालाश,ों
खैरे,,खैर,े
पुनर्व्यवस्थापन,पुनर्,व्यवस्था,पन
अंतरानासिक,,अंतरा,नासिक
ठोंके,,ठोंक,े
मनगढन्त,,मनगढन्त,
भूतल,,भू,तल
भूकों,,भूक,ों
वल्कनीकृत,,वल्कन,ीकृत
एकसुरी,,एक,सुरी
अंडाशय,,अंडा,शय
पिंडारी,,पिंडार,ी
वस्तिकर्म,वस्ति,कर्म,
प्रण,,प्रण,
कैनवस,,कैनवस,
दिक्ला,,दिक्ला,
पैरी,,पैर,ी
सातत्य,सा,तत्य,
शुक्रिया,,शुक्र,िया
आऊं,,आ,ऊं
वोल्टमीटर,,वोल्टमीटर,
तन्त्री,,तन्त्र,ी
खुबानी,,खुबानी,
विस्फोटित,,विस्फोट,ित
सूचनाअऔं,,सूचना,अऔं
हडि्डयां,,हडि्ड,यां
अबकी,,अब,की
समयोचितता,,समयोचित,ता
पुलिंग,,पुलिंग,
पाहुनी,,पाहुन,ी
भवितव्य,,भवित,व्य
धूमित,,धूम,ित
कर्तव्यच्युति,,कर्तव्य,च्युति
ज़ेपो,,ज़ेपो,
कुलिषा,,कुलिष,ा
समाप्ति,,समाप्त,ि
छोड़हरिन,,छोड़,हरिन
रंगो,,रंग,ो
मग्बीस,मग्,बीस,
निकलेगा,,निकल,ेगा
जलदस्यु,,जल,दस्यु
अत्यधिकता,,अत्यधिक,ता
कमज़ोरी,,कमज़ोर,ी
स्वास्थ्यवर्धक,,स्वास्थ,्यवर्धक
भरत,,भरत,
रोज़मर्रे,,रोज़,मर्रे
पूरबी,,पूरब,ी
सौदे,,सौद,े
बढ़ाना,,बढ़,ाना
धन्धे,,धन्ध,े
पकड़ीं,,पकड़,ीं
पढ़नेवाला,,पढ़,नेवाला
आकृतिय़ा,,आकृति,य़ा
अरबर,,अरबर,
मारकर,,मार,कर
लूदियो,,लूदियो,
पलटते,,पलट,ते
संवारते,,संवार,ते
नलिका,,नल,िका
बौछाररोधी,,बौछार,रोधी
आनुमानिक,,आनुमान,िक
चिरभोगजन्य,,चिरभोग,जन्य
संवेदनाशून्यता,,संवेदना,शून्यता
मान्यताप्राप्त,,मान्यता,प्राप्त
करेगाइब्राहीम,करेगा,इब्राहीम,
गुस्ताख,,गुस्ताख,
अनुचितता,,अनुचित,ता
अनिरुद्ध,,अनिरुद्ध,
आक्रमणशील,,आक्रमण,शील
सेंधमारी,,सें,धमारी
प्रतिस्पर्धापूर्ण,,प्रतिस्पर्धा,पूर्ण
भुना,,भुना,
ढेगची,,ढेग,ची
दीखना,,दीख,ना
ऐहिक,,ऐहिक,
परिचित,,परिचित,
दायराआ,,दायरा,आ
खांचकर,,खांच,कर
अवगुण,अव,गुण,
मिमियाना,,मिमियाना,
अनर्जित,,अनर्जित,
स्वयंसेवक,स्वयं,सेवक,
तिमिवसा,तिमि,वसा,
सर्वऋत्विक,,सर्वऋत्व,िक
बचो,,बच,ो
मदमत्त,,मद,मत्त
नोबै,,नोबै,
कुपोषित,,कुपोष,ित
चालते,,चाल,ते
हक्मोनी,,हक्म,ोनी
क़ढाई,,क़ढाई,
वॉट्सअप,,वॉट्सअप,
जमानतदार,,जमानत,दार
आत्मग्लानि,,आत्म,ग्लानि
पितोम,,पितोम,
सूफियाना,,सूफ,ियाना
टक्राना,,टक्राना,
तराश,,तराश,
सम्भालना,,सम्भालना,
नकोदा,,नकोदा,
लिखिए,,लिख,िए
पूरवी,,पूरव,ी
स्विट्जर्लैंड़,,स्विट्जर्लैंड़,
समुद्रीय,,समुद्र,ीय
स्वीडनवास्,,स्वीडन,वास्
जोखिमपूर्ण,,जोखिम,पूर्ण
प्राणिविज्ञान,,प्राणि,विज्ञान
ऑरियाअ,,ऑरिया,अ
लम्बित,,लम्ब,ित
यहदीएल,,यहदीएल,
हरगिज,,हरगिज,
बुलाता,,बुला,ता
कृतकनाम,,कृतक,नाम
ईंधन,,ईंधन,
बांजवृक्ष,,बांज,वृक्ष
तैयारियाँ,,तैयार,ियाँ
मकड़ियों,,मकड़,ियों
यथातथ्यतः,यथा,तथ्य,तः
प्रतिमुर्ति,प्रति,मुर्ति,
उलटे,,उलट,े
चाटना,,चाट,ना
सर्वग्राही,,सर्वग्राह,ी
महामहिम,महा,महिम,
पंखुड़ी,,पंखुड़ी,
सुसंस्कृति,सु,संस्कृति,
गोटी,,गोटी,
बहु,,बहु,
उठूंगा,,उठ,ूंगा
अनाकर्षक,अन,ाकर्षक,
कुहासेकी,,कुहास,ेकी
यरह्योल,,यरह्योल,
अश्वसंस्था,,अश्व,संस्था
प्रोत्साहन,,प्रोत्साहन,
प्रतिक्रियात्‍मक,प्रत,िक्रियात्‍मक,
समताप,,समता,प
रेशा,,रेशा,
सरलीकृत,,सरल,ीकृत
नापीश,,नाप,ीश
रोहित,,रोहित,
बोलियों,,बोल,ियों
हृष्टपुष्टों,,हृष्टपुष्ट,ों
लोकनंदन,,लोकनंदन,
छुपाव,छ,उपा,व
अजागृत,,अजागृत,
हुक्कोक,,हुक्क,ोक
भूलभुलैया,,भूलभुलैया,
राट्रिदीप,राट्र,िदीप,
तराइयां,,तराइ,यां
ओढ़ाऊं,,ओढ़,ाऊं
कपरम्मोनी,,कपरम्मोनी,
यक्ष्मिका,,यक्ष्मिका,
गैटो,,गैट,ो
दमड़ी,,दमड़ी,
प्रतिबिम्बन,,प्रतिबिम्ब,न
चोकलेट,,चोकलेट,
प्रशीतक,,प्रशीत,क
बॉक्स,,बॉक्स,
अविचलन,अ,विचलन,
पार्षद,,पार्षद,
डाँटने,,डाँट,ने
गृहस्थ,,गृहस्थ,
अबाधित,अ,बाधित,
खैर,,खैर,
द्रवण,,द्रवण,
विशेषाधिकृत,,विशेष,ाधिकृत
श्यामपट्ट,,श्यामपट्ट,
स्थायीभाव,,स्थायी,भाव
तत्वों,,तत्व,ों
महाव्रत,महा,व्रत,
शची,,शची,
छायामय,,छाया,मय
आदिकालीन,आदि,कालीन,
न्यायमूर्ती,न्याय,मूर्ती,
प्रङुल्ल,,प्रङुल्ल,
कूटना,,कूट,ना
निराकरणीय,,निराकर,णीय
चरमराता,,चरमराता,
चिड़ियें,,चिड़िय,ें
हथौड़ा,,हथौड़ा,
अविरति,,अविरत,ि
जलस्त्रोत,,जलस्त्रोत,
हार्दिकता,,हार्दिक,ता
सुवाच्यता,,सुवाच्य,ता
कोगौरवान्वित,को,गौरव,ान्वित
गान,,गान,
तीक्ष्णदृष्टिवाला,,तीक्ष्णदृष्टि,वाला
अवारित,,अवारित,
हारान,,हार,ान
अगिन्सह,अ,गिन्सह,
अमंदित,अ,मंदित,
रिलेशन,,रिलेशन,
चिट्र्,,चिट्र्,
आंत,,आंत,
अत्यावश्यकतापूर्वक,,अत्यावश्यकता,पूर्वक
त्रिकोण,त्रिक,ोण,
शराब,,शराब,
गूँगा,,गूँगा,
ज़ोरोऐस्टर,,ज़ोरोऐस्टर,
बुन्दे,,बुन्द,े
न्यायालय,,न्यायालय,
उजड़ापन,,उजड़ा,पन
असत्यापित,अ,सत्य,ापित
घपले,,घपल,े
वातरोध,,वात,रोध
प्रिज़्माकार,,प्रिज़्म,ाकार
अवपतन,,अवपतन,
सेविला,,सेविला,
गुटिका,,गुटिका,
चतुश्चरण,चतुश्,चरण,
अक्खड़पनअ,,अक्खड़पन,अ
पछतावे,,पछताव,े
लताड़ता,,लताड़,ता
रायबो,,रायब,ो
एडवर्ड,,एडवर्ड,
मूठों,,मूठ,ों
दाबानुकूलित,,दाबानुकूल,ित
कपङा,,कपङा,
श्रुति,,श्रुति,
बुद्धिवाद,,बुद्धि,वाद
चेतना,,चेतना,
वाद्यवृंदकरण,,वाद्यवृंद,करण
अनुर्वर,,अनुर्वर,
संचरणअ,,संचरण,अ
हत्यारों,,हत्यार,ों
चूमें,,चूम,ें
बेसिन,,बेसिन,
मातमी,,मातम,ी
ढम्ग,,ढम्ग,
निर्मूल,,निर्मूल,
नयनोंकी,,नयन,ोंकी
प्रशंसापूर्वक,,प्रशंसा,पूर्वक
अस्वच्छ,अ,स्वच्छ,
पूतिक,,पूति,क
शेटलैण्ड,,शेटलैण्ड,
प्रदुषकों,,प्रदुषक,ों
सुनहरा,,सुनहरा,
राजमिस्री,,राजमिस्री,
राहब,,राहब,
बिस्कुट,,बिस्कुट,
हुलसकर,,हुलस,कर
संकेतकार,,संकेत,कार
बिजूका,,बिजू,का
बेतलहमी,,बेतलहम,ी
आवास,,आवास,
फ्रेंड्स,,फ्रेंड्स,
विखंडित,,विखंड,ित
डेज़र्ट,,डेज़र्ट,
फर्द,,फर्द,
उतारने,,उतार,ने
औदयो,,औदय,ो
लुढ़ककर,,लुढ़क,कर
निर्मूल्य,निर्,मूल्य,
उचाट,,उचाट,
बोहत,,बोहत,
तारक,,तारक,
दौड़ना,,दौड़,ना
बहती,,बह,ती
हृदयहीनता,,हृदयहीन,ता
जबडे,,जबड,े
आयकर,,आयकर,
पारुह,,पारुह,
निर्लिप्त,निर्,लिप्त,
ड्युस,,ड्युस,
मनाता,,मना,ता
सहछात्र,सह,छात्र,
अवैधता,,अवैध,ता
लाभनिरपेक्ष,लाभ,निरपेक्ष,
मूसलधार,,मूसल,धार
छेड़खानी,,छेड़,खानी
प्रयोग,,प्रयोग,
धड़,,धड़,
गर्भकोष,,गर्भकोष,
अंधविश्वासी,अंध,विश्वास,ी
सुरमा,,सुरमा,
प्रयत्नशील,,प्रयत्न,शील
चालचलन,,चालचलन,
आकृतिबंध,,आकृति,बंध
जिम्‍मेदार,,जिम्‍मेदार,
घुमक्कड़,,घुमक्कड़,
बांधते,,बांध,ते
अपारित,,अपार,ित
देय,,देय,
भूलकर,,भूल,कर
नामुमकिन,ना,मुमकिन,
मरुद्भिदता,,मरुद्भिद,ता
विराट,,विराट,
रजत,,रजत,
प्रमाणक,,प्रमाण,क
टूटते,,टूट,ते
जेठांस,,जेठ,ांस
पच्चू,,पच्चू,
सौको,,सौको,
कूट,,कूट,
लिन्,,लिन्,
व्यवसायवाद,,व्यवस,ायवाद
सकारात्‍मक,सकार,ात्‍मक,
आग्रवर्ती,,आग्रवर्त,ी
दबाएंगे,,दबा,एंगे
रत्‍नाकर,,रत्‍न,ाकर
अमिश्रित,अ,मिश्रित,
उच्चस्थानीय,,उच्चस्थान,ीय
अमाबिलीज़,,अमाबिलीज़,
शुरुआत,,शुरु,आत
अनुपचारित,,अनुपचार,ित
घासपात,,घास,पात
अविवाहित,अ,विवाह,ित
कोथमीर,,कोथमीर,
भड़क,,भड़क,
हेलाम,,हेलाम,
जेसा,,जेसा,
फरिश्ते,,फरिश्त,े
उपभोग,उप,भोग,
जलस्तरांक,,जलस्तर,ांक
आयुक्त,आ,युक्त,
नृशंसता,,नृशंस,ता
शीघ्रलिपि,,शीघ्र,लिपि
बूटे,,बूट,े
आँख,,आँख,
अंगशुद्धि,अंग,शुद्धि,
फिरानेवाले,,फिरान,ेवाले
सहस्रपतियों,सह,स्रपति,यों
नकारवाद,,नकार,वाद
धूपदानी,,धूपदान,ी
अयस्क,,अयस्क,
कुंवारियों,,कुंवारिय,ों
कैलेंडर,,कैलेंडर,
संस्कारशील,,संस्कार,शील
पापड,,पापड,
सेक्रेटरी,,सेक्रेटरी,
ऋतुमती,,ऋतु,मती
उपकार,,उपकार,
बड़,,बड़,
ठहरेंगी,,ठहर,ेंगी
धकियाते,,धकियात,े
अजेयता,,अजेय,ता
उत्थापक,,उत्थापक,
अभिनेताअओं,,अभिनेता,अओं
खाबड़,,खाबड़,
अग्निकोष्ठ,अग्नि,कोष्ठ,
फ़्लैम्युलिना,,फ़्लैम्युलिना,
अत्युक्ति,अत्,युक्ति,
हलकी,,हलक,ी
बुझना,,बुझ,ना
परासैन्य,परा,सैन्य,
लाहौरी,,लाहौर,ी
प्राक्रैफेल,,प्राक्रैफेल,
किफ़ायती,,किफ़ायत,ी
तक्र,,तक्र,
पाठ्यक्रमेतर,,पाठ्यक्रम,ेतर
गुड़ी,,गुड़ी,
अवितरित,अ,वितरित,
स्वर्गिक,,स्वर्ग,िक
होबा,,होबा,
फेकने,,फेक,ने
पक्‍के,,पक्‍क,े
पिछड़ा,,पिछड़ा,
चीत्कार,,चीत्कार,
सिसकियों,,सिसक,ियों
नावों,,नाव,ों
तेमनी,,तेमन,ी
अलोकप्रियता,अ,लोकप्रिय,ता
शयित,,शयित,
अंतरावलंबन,अंतर,ावलंबन,
रेस्ट्रॉं,,रेस्ट्रॉं,
उच्चाकांक्षाविहीन,उच्च,ाकांक्षा,विहीन
मक्खी,,मक्खी,
दिखाईं,,दिखाईं,
मिटाई,,मिटाई,
कण्ठा,,कण्ठा,
सर्वश्रेष्ठ,सर्व,श्रेष्ठ,
बनानेवाली,,बनान,ेवाली
अनुपलभ्य,अन,उपलभ्य,
रोड़ी,,रोड़,ी
नज़र,,नज़र,
कुत्ता,,कुत्ता,
टिकें,,टिक,ें
निद्रावस्था,,निद्रा,वस्था
गिलटियों,,गिलट,ियों
पेश,,पेश,
हरोशेत,,हरोश,ेत
टूटा,,टूटा,
घिस,,घिस,
कराना,,कराना,
हारीं,,हार,ीं
नियोजित,,नियोज,ित
सतास्सी,,सतास्,सी
झीसी,,झीसी,
कसुल्तान,क,सुल्तान,
क्रमावर्तन,क्रम,ावर्तन,
प्रोट्रान,,प्रोट्र,ान
स्थन,,स्थन,
तांतव,,तांतव,
अव्रोध,अ,व्रोध,
अंशाधिपत्र,,अंशाधिपत्र,
जोड़ना,,जोड़,ना
जिलाबदर,,जिला,बदर
मर्दानगी,,मर्द,ानगी
तारना,,तारना,
नियुक्ति,नि,युक्ति,
भूंजकर,,भूंज,कर
अण्डे,,अण्ड,े
येहू,,येहू,
तिरपन,,तिरप,न
सिक्स्थ,,सिक्स्थ,
गुरिल्ला,,गुरिल्ल,ा
९तक,,९तक,
प्रगुच्छित,,प्रगुच्छ,ित
भाटकित,,भाटकित,
फ़्लू,,फ़्लू,
न्यायोचित,,न्याय,ोचित
दैवीकरण,,दैव,ीकरण
ताल्लुका,,ताल्लुक,ा
निमंत्रण,,निमंत्रण,
गर्भनिरौदक,,गर्भनिरौद,क
कथनों,,कथन,ों
द्विपत्नीत्व,द्वि,पत्नी,त्व
अरविंद,,अरविंद,
अदोराम,अ,दोराम,
सरल,,सरल,
कहिं,,कह,िं
आगाह,,आगाह,
अत्रोतद्दार,,अत्रोतद्,दार
पुर्णतः,,पुर्ण,तः
चक्रिल,,चक्र,िल
रोधी,,रोध,ी
मियान,,मियान,
अर्थशास्त्र,अर्थ,शास्त्र,
उड़ाते,,उड़ा,ते
भावबोधक,,भाव,बोधक
फूंककर,,फूंक,कर
चन्द्र,,चन्द्र,
जन्मजात,,जन्म,जात
नट्स,,नट,्स
गैरसी,,गैर,सी
अतिक्रमी,,अतिक्रम,ी
सानी,,सानी,
क्षिप्रता,,क्षिप्र,ता
लार,,लार,
घौं,,घौं,
गुर्राते,,गुर्रा,ते
मुक्केबाज़ी,,मुक्केबाज़,ी
बेमुद्दती,बे,मुद्दत,ी
चूडिय़ां,,चूड,िय़ां
तामलेट,,तामल,ेट
दुर्दर्श,,दुर्दर्श,
अपद्धतिबद्ध,अ,पद्धति,बद्ध
हास्यकार,,हास्य,कार
तिरछ्,,तिरछ,्
अलाबू,अ,लाब,ू
खर्राटा,,खर्राट,ा
दकियानूसी,,दकियानूस,ी
बम्बूकाट,,बम्बू,काट
ओत,,ओत,
फ़ूलों,,फ़ूल,ों
उबकाई,,उबकाई,
अहमक,,अहम,क
बचाते,,बचा,ते
परिवेश,परि,वेश,
समा,,समा,
विधाआलोचना,विधा,आलोचना,
मृत्युशय्या,,मृत्यु,शय्या
कहेलाता,,कह,ेलाता
पशुगमन,,पशुगमन,
बैठे,,बैठ,े
वृत्तियों,,वृत्ति,यों
मुगलसराय,,मुगलसराय,
गलाव,,गला,व
रचना,,रचना,
प्रेरणादायी,,प्रेरणादाय,ी
हर्ट़,,हर्ट़,
सोनपरी,,सोनपरी,
प्रतिषेधक,,प्रतिषेध,क
एकदिवसीय,एक,दिवस,ीय
अपथ्य,अ,पथ्य,
जर्जकालीन,,जर्ज,कालीन
मुक्केबाज,,मुक्क,ेबाज
मुत्र,,मुत्र,
सोतों,,सोत,ों
अचम्भे,,अचम्भ,े
संगणकीय,,संगणक,ीय
घिसावट,,घिसा,वट
बालगात,,बाल,गात
अंडाणु,,अंडा,णु
ज़ंग,,ज़ंग,
बढ़ाने,,बढ़ा,ने
जलपात्रों,,जलपात्र,ों
ठहरा,,ठहरा,
ऋतुस्ट्राव,,ऋतु,स्ट्राव
निर्जीवाणुक,निर्,जीवाणु,क
लूतरा,,लूतरा,
सीवन,,सीवन,
चलाओ,,चला,ओ
पढ़ो,,पढ़,ो
चौथा,,चौथा,
असम,,असम,
समानुपात,,समानुपात,
बातूनी,,बात,ूनी
कूटानुवादक,,कूटानुवादक,
ठाट,,ठाट,
झाड,,झाड,
रखके,,रख,के
टपकेगी,,टपक,ेगी
प्रत्यर्पण,,प्रत्यर्पण,
यानै,,यान,ै
सुक्किय्यी,,सुक्कि,य्यी
सहभागी,,सहभाग,ी
दोना,,दो,ना
यहसेल,,यह,सेल
बथोरेन,,बथोर,ेन
कुदान,,कुदान,
कहलाएगी,,कह,लाएगी
फ्रांसीसि,,फ्रांस,ीसि
मैथिली,,मैथिली,
सांडा,,सांडा,
हताक,,हताक,
खाटों,,खाट,ों
वुट्टी,,वुट्ट,ी
एप्रात,ए,प्रात,
सार्वजनिकीकरण,,सार्वजनिक,ीकरण
निक्षेपग्राही,,निक्ष,ेपग्राही
बाइख़्तियार,,बाइख़्त,ियार
तरेरी,,तरेर,ी
साटा,,साट,ा
वधिक,,वध,िक
ब्रीडर,,ब्रीड,र
तथास्तु,,तथास्तु,
नुक्सान,,नुक्सान,
पोतध्वज,पोत,ध्वज,
लोमदार,,लोम,दार
अब्दीएल,,अब्दीएल,
पढ़ा,,पढ़,ा
ऐंचा,,ऐंच,ा
दर्ज्ॅअ,,दर्ज्ॅ,अ
हम्माम,,हम्मा,म
तारें,,तार,ें
रेखाचिट्री,,रेखा,चिट्री
विद्याओं,,विद्या,ओं
वंशावली,,वंश,ावली
छुआ,,छुआ,
प्रश्नमय,,प्रश्न,मय
रैकेट्स,,रैकेट,्स
गीता,,गीता,
सत्कारपूर्वक,,सत्कारपूर्व,क
कोन्याक,,कोन्या,क
प्रमस्तिष्क,प्र,मस्तिष्क,
हिलकोरे,,हिलकोरे,
निस्सन्देह,निस्,सन्देह,
आक्षिितज,,आक्षिि,तज
दृष्टिकोन,,दृष्टि,कोन
वर्डनेट,,वर्डनेट,
घातु,,घातु,
मक्खियों,,मक्ख,ियों
चोंकना,,चोंकन,ा
सूचिका,,सूचि,का
डाउन्स,,डाउन,्स
ब्रहमाण्ड,,ब्रहमाण्ड,
कारण,,कारण,
चिढ़ाना,,चिढ़ा,ना
परितुष्ट,,परितुष्ट,
फैलता,,फैल,ता
परमेरश्वर,,परमेरश्वर,
वाशिंग,,वाश,िंग
प्रतिष्ठाक्रम,,प्रतिष्ठा,क्रम
इलैक्ट्रौनिक,,इलैक्ट्रौनिक,
खुल्लमखुल्ला,,खुल्लमखुल्ला,
नोनी,,नोन,ी
कुंठा,,कुंठ,ा
दफ़नाया,,दफ़न,ाया
आरह,,आरह,
धधका,,धधक,ा
ज्वालाएँ,,ज्वाला,एँ
गोलन्दाजी,,गोलन्दाजी,
प्रावधानों,,प्रावधान,ों
लपेटेगा,,लपेट,ेगा
छीड़कना,,छीड़क,ना
अश्वारोही,,अश्वारोही,
हटी,,हट,ी
निःसंदेह,निः,संदेह,
पैनी,,पैनी,
तालपरिवर्तन,ताल,परिवर्तन,
अपघटक,,अपघटक,
हमेशा,,हमेशा,
टपकेंगी,,टपक,ेंगी
शैट्लैंडी,,शैट्लैंड,ी
अफरा,,अफरा,
कूएं,,कूएं,
बुक्की,,बुक,्की
पलायनकर्ता,,पलायन,कर्ता
पहियेदार,,पहिय,ेदार
उद्घाटित,,उद्घाटित,
पंचिंग,,पंच,िंग
छड़ी,,छड़,ी
शामीर,,शामीर,
आलोचना,,आलोचना,
कंदी,,कंद,ी
शैतानवादी,,शैतान,वादी
चिराबेल,,चिराबेल,
मन्दी,,मन्दी,
यथेच्छ,,यथेच्छ,
अनहोनी,,अनहोनी,
अन्धेरा,,अन्धेरा,
लाचार,,लाचार,
बरतने,,बरतन,े
स्ट्राटोक्युम्युलस,,स्ट्राटोक्युम्युलस,
चित्तीदार,,चित्ती,दार
अपौरुष,अ,पौरुष,
कौतुहल,,कौतुहल,
छीका,,छीक,ा
खुसुरफुसुर,,खुसुरफुसुर,
95,,95,
पुरालेख,पुरा,लेख,
लाभप्रदता,,लाभप्रद,ता
वै,,वै,
अप्रशंसनीय,अ,प्रशंसनीय,
चढाते,,चढ,ाते
झलकदार,,झलक,दार
गूंथे,,गूंथ,े
लहसुन,,लहसुन,
त्रिविमदर्शी,,त्रिविमदर्श,ी
बांधो,,बांध,ो
क़रना,,क़रना,
उपायतः,,उपाय,तः
परामर्शग्राहिता,,परामर्श,ग्राहिता
ऐक्रोमाइसिन,,ऐक्रोमाइसिन,
ऑकसीजन,,ऑकसीजन,
गैसमापी,,गैस,मापी
धनात्मक,धन,ात्मक,
वीज़ल,,वीज़ल,
जल्द्,,जल्द्,
आयोजनों,,आयोजन,ों
वर्णकपीत,,वर्णकपीत,
अपयश,अप,यश,
ईदगाह,,ईद,गाह
द्विरंगी,द्वि,रंग,ी
आनुतोषिक,,आनुतोष,िक
मोरेशेत,,मोरेशेत,
उपकथानक,उप,कथानक,
निराशावादी,,निराशावाद,ी
उजाडूंगा,,उजाड,ूंगा
जनबल,,जनबल,
इश्तिहार,,इश्तिहार,
स्पेक्ट्रमी,,स्पेक्ट्रम,ी
चालअ,,चाल,अ
डिम्मक,,डिम्मक,
दस्तान,,दस्ता,न
उदश्रु,,उदश्रु,
लघूकरण,,लघ,ूकरण
चिड़ियों,,चिड़िय,ों
अभिप्राप्त,अभि,प्राप्त,
एकलौते,,एक,लौते
अंदरुनी,,अंदर,उनी
सद्भावना,सद्,भावना,
कन्डीर,,कन्डी,र
सैटर,,सैट,र
शुभंकर,,शुभ,ंकर
बाहर,,बाहर,
शुभारम्भ,शुभ,ारम्भ,
भोज्य,,भोज्य,
थुबडा,,थुबड,ा
करूणामय,,करूणा,मय
गुटचर्चा,गुट,चर्चा,
बारीक़ि,,बारीक,़ि
कूली,,कूल,ी
उंगलियों,,उंगल,ियों
निराश्रित,निर,ाश्रित,
हेब्रोनियों,,हेब्रोन,ियों
इंजीनियरिंग,,इंजीनियर,िंग
हिफ़ैस्टस,,हिफ़ैस्टस,
टेलीफ़ोनी,,टेलीफ़ोन,ी
पाओगे,,पा,ओगे
मृगचर्म,,मृग,चर्म
बुदबुदाते,,बुदबुदा,ते
बैठेगा,,बैठ,ेगा
हूंयदि,हूं,यदि,
अटा,,अट,ा
बहुअर्थीय,,बहुअर्थी,य
एलीशेबा,,एलीशेबा,
परकोटा,,परकोटा,
लोकसाहित्य,लोक,साहित्य,
गये,,गय,े
हँसी,,हँस,ी
शकेम,,शकेम,
अकेंथोलाइसिस,,अकेंथ,ोलाइसिस
अणुशक्ति,अणु,शक्ति,
गृहदेवताओं,,गृहदेवता,ओं
खि़ताब,,खि़ताब,
गर्भाधान,,गर्भ,ाधान
शत्रुओं,,शत्रु,ओं
हज़ारों,,हज़ार,ों
हांडिय़ों,,हांडिय,़ों
सलाहकार,,सलाह,कार
पड़ौसी,,पड़ौस,ी
महादूत,,महादूत,
निंदात्मक,,निंदा,त्मक
जिम्रान,,जिम्रान,
चीलझडप,,चीलझडप,
पोंछे,,पोंछ,े
दिखाएंगे,,दिखाए,ंगे
सर्वर,,सर्व,र
आबकारी,,आबकार,ी
धार्मिकता,,धार्मिक,ता
चालूअना,,चालू,अना
मकपेला,,मकप,ेला
स्वार्थपरक,,स्वार्थ,परक
प्रसारक,,प्रसार,क
घेरों,,घेर,ों
कारावकाश,कार,ावकाश,
चिढ़ाती,,चिढ़ा,ती
अफ़ारसी,,अफ़ारस,ी
कल्पनातीत,,कल्पना,तीत
दीपत,,दीप,त
क़ब्रिस्तान,,क़ब्रिस्तान,
तापक,,ताप,क
तख्ताबंदी,,तख्ताबंद,ी
रोटियां,,रोट,ियां
फी,,फी,
पालिथीन,,पालिथीन,
दुर्बोधपूर्ण,,दुर्बोध,पूर्ण
खिचड़ी,,खिचड़ी,
मातृप्रेम,,मातृ,प्रेम
आबंटन,,आबंट,न
अलविदा,अल,विदा,
अशक्तता,अ,शक्तता,
पीतशुभ्र,पीत,शुभ्र,
पाश्र्व,,पाश्र्व,
सुधि,,सुध,ि
समशीतोष्ण,,समशीत,ोष्ण
लोतान,,लोतान,
दावाआ,,दावा,आ
फ़िल्टर,,फ़िल्टर,
प्रतिबिंब,,प्रतिबिंब,
कणों,,कण,ों
कत्ल,,कत्ल,
रऊ,,रऊ,
बुल्बुला,,बुल्बुला,
गुणे,,गुण,े
घूरते,,घूर,ते
व्यय,,व्यय,
रटने,,रट,ने
फुरतीलापन,,फुरतीलाप,न
गुलमे,,गुलम,े
र्दुगंध,र्दु,गंध,
विद्रोहात्मक,,विद्रोह,ात्मक
संकीर्णमना,,संकीर्ण,मना
रातोंरात,रातों,रात,
रेडार,,रेडार,
पोछे,,पोछ,े
अरी,,अर,ी
अनाक्रमण,अन,ाक्रमण,
डुबके,,डुबक,े
रूखेपन,,रूखे,पन
काँवर,,काँव,र
रोगजनक,,रोग,जनक
नीर,,नीर,
टर्टिला,,टर्टिल,ा
म्यूट,,म्यूट,
मनोवृत्ति,,मनोवृत्ति,
बनाऊँगी,,बना,ऊँगी
औब्सियस,,औब्सियस,
विक्टोरियाई,,विक्टोरिया,ई
सुलैमान,,सुलैमान,
दुरुपयोग,दुर,उपयोग,
हिंसक,,हिंस,क
ढाणी,,ढाण,ी
भूट्टा,,भूट्टा,
वृथा,,वृथा,
बांन्धी,,बांन्ध,ी
मुनाफ़ा,,मुनाफ़ा,
भड़काता,,भड़का,ता
छूना,,छू,ना
दुविधापूर्ण,,दुविधा,पूर्ण
दीर्घकाल,,दीर्घ,काल
निषेचन,,निषेच,न
छिद्रान्वेषण,,छिद्रान्वेषण,
प्रमाणप्ट्र,,प्रमाण,प्ट्र
कम्पैक्ट,,कम्पैक्ट,
लाशा,,लाश,ा
टू,,टू,
नबूवत,,नबूवत,
खिलाफ़,,खिलाफ़,
नीति,,नीति,
तथ्यात्मक,,तथ्य,ात्मक
रहेन,,रह,ेन
सहयोग,,सहयोग,
पायदान,,पायदान,
तृप्ति,,तृप्त,ि
जींद,,जींद,
समतोल,,समतोल,
एल्यासाप,,एल्यास,ाप
उलझनकारी,,उलझन,कारी
वंशक्रमानुसार,,वंशक्रम,ानुसार
चूड़ीदार,,चूड़ी,दार
महाबली,महा,बल,ी
यूरोपी,,यूरोप,ी
नींबू,,नींबू,
खूंटों,,खूंट,ों
धातु,,धात,उ
आदमीयों,,आदमी,यों
परकीकरण,पर,कीकर,ण
अनुभवहीन,,अनुभव,हीन
ईमान्दार,,ईमान,्दार
कुटुंबहीन,,कुटुंब,हीन
प्रफुल्लता,,प्रफुल्ल,ता
उछलीं,,उछल,ीं
शक,,शक,
ननों,,ननों,
अशिष्टाचार,अ,शिष्टाचार,
कारचोब,,कारचोब,
पीटोगे,,पीट,ोगे
प्लैंक्टन,,प्लैंक्टन,
वर्म,,वर्म,
जलाएगी,,जला,एगी
तमाचा,,तमाचा,
लेपन,,लेप,न
स्टीमर,,स्टीम,र
कालसमंजन,काल,समंजन,
युगात्मा,युग,ात्मा,
मति,,मति,
विदेशी,,विदेश,ी
हटाओ,,हटा,ओ
प्रशासनिक,,प्रशासन,िक
नेत्रगुहा,,नेत्र,गुहा
घंटाघर,,घंटाघर,
निपटाकर,,निपटा,कर
कँपकँपी,,कँपकँपी,
बिन्यामीन,,बिन्यामीन,
महाराजा,महा,राजा,
हसे,,हस,े
हाप,,हाप,
ल्यूमिनिसेंस,,ल्यूमिनिसेंस,
बेईमान,बे,ईमान,
अभिष्ट,,अभिष्ट,
मुड़े,,मुड़,े
सींखें,,सींख,ें
पाँचवी,,पाँच,वी
बेएचअ,,बेएचअ,
भेजेगा,,भेज,ेगा
अमूल्य,अ,मूल्य,
स्कूली,,स्कूल,ी
अंदाझ्ॅअ,,अंदाझ्ॅअ,
असंभावी,अ,संभाव,ी
कुर्सी,,कुर्सी,
अविचारणीय,अव,िचार,णीय
सोपर,,सोपर,
सौतेला,,सौतेला,
नीयती,,नीयत,ी
पीतरोग,पीत,रोग,
लोकहितभाव,,लोकहित,भाव
कलाकारों,,कलाकार,ों
चन्दला,,चन्दला,
तीखे,,तीखे,
बताऊंगी,,बताऊ,ंगी
शाहाबाद,,शाहाबाद,
नीची,,नीच,ी
टटोलने,,टटोलन,े
तालिका,,तालिका,
स्वीकृतता,,स्वीकृत,ता
तिरछापन,,तिरछापन,
बृहत्,,बृहत्,
करवाया,,करवा,या
शैवालीय,,शैव,ालीय
संयन्ट्र,,संयन्ट्र,
बिठाएगा,,बिठाए,गा
कोढ,,कोढ,
मोटे,,मोट,े
गाड़ने,,गाड़न,े
उक्त,,उक्त,
उपवेशन,,उपवेश,न
हेंड,,हेंड,
दंडपाल,,दंड,पाल
संकेताक्षर,,संकेत,ाक्षर
रूमावासी,,रूमावासी,
फु,,फु,
चिलमन,,चिलम,न
छद,,छद,
आक्रांत,,आक्रांत,
प्लाव,,प्लाव,
बियाबान,,बिया,बान
अदना,,अदना,
साँपनाथ,,साँपनाथ,
नव्य,,नव्य,
भगाते,,भगा,ते
अन्त,,अन्त,
सरिवन,,सर,िवन
द्वन्द,,द्वन्द,
मार्मिकता,,मार्मिक,ता
कलकल,,कलकल,
ई,,ई,
खा़मोश,,खा़मोश,
कशेरुक,,कशेरुक,
क्रमश्ः,,क्रम,श्ः
मिस्रियोंसे,,मिस्रियों,से
संपदा,,संपद,ा
कुचलेगा,,कुचल,ेगा
चिथड़े,,चिथड़,े
प्रतीति,,प्रतीत,ि
उपत्यका,उप,त्यका,
सत्ताइसवें,,सत्ताइस,वें
तोऊ,,तोऊ,
दाब,,दाब,
असली,,असली,
दूदाफलों,,दूदाफल,ों
चेतन,,चेतन,
झरन,,झरन,
नियनतरण,,नियनतरण,
तोंद,,तोंद,
महानदों,,महान,दों
प्रहार,,प्रहार,
परिसीमन,परि,सीमन,
उठाऊँगा,,उठा,ऊँगा
मस्तानों,,मस्तान,ों
क्रेडिट,,क्रेडिट,
यी,,यी,
बलवे,,बलव,े
बीनकार,,बीन,कार
पूर्वावस्था,पूर्व,ावस्था,
कतलों,,कतल,ों
अन्धानुकरण,अन्ध,ानुकरण,
रेस्‍टोरेंट,,रेस्‍टोरेंट,
घिसना,,घिसना,
पांवो,,पांव,ो
ठहरावों,,ठहराव,ों
पुनर्दर्शन,पुनर्,दर्शन,
निर्वाहअत्यंत,,निर्वाह,अत्यंत
तुकबन्दी,,तुकबन्दी,
अभियोक्तृ,अभि,योक्तृ,
सफ़ारी,,सफ़ारी,
बूटा,,बूट,ा
अर्धचेतन,,अर्ध,चेतन
अनसुधरा,अन,सुधरा,
कसम,,कसम,
आढत,,आढत,
अश्मीभूत,,अश्मी,भूत
बप्पा,,बप्पा,
जनाधिकारवाद,,जनाधिकार,वाद
तंत्रिकाशूलअ,,तंत्रिक,ाशूलअ
सीनेवाला,,सीन,ेवाला
ड्रीलआ,,ड्रील,आ
स्वरवर्ण,,स्वर,वर्ण
चिरायता,,चिरायत,ा
जलाया,,जला,या
कविताएँ,,कविता,एँ
साहस्,,साहस,्
उद्देश्य,,उद्देश्य,
पुच्छ,,पुच्छ,
थोड़ी,,थोड़,ी
चुग्गा,,चुग्गा,
रक्षमाण,,रक्षमाण,
बलात्कारी,,बलात्कार,ी
सेजी,,सेज,ी
होगी,,होग,ी
मोहड़ा,,मोहड़ा,
रस्‍सियाँ,,रस्‍स,ियाँ
कुड़कुड़ाने,,कुड़कुड़ान,े
ऐश्वर्यवान,,ऐश्वर्यवान,
उभरती,,उभरत,ी
श्वासनली,,श्वासनली,
वड,,वड,
थप्पड,,थप्पड,
विदूषक,,विदूषक,
तपाकर,,तपा,कर
उड़ान,,उड़ान,
दबाया,,दबा,या
झनझनाहट,,झनझनाहट,
पतंगो,,पतंग,ो
आदी,,आदी,
आलपीन,,आलपीन,
तरक्की,,तरक्की,
अनारब्ध,,अनारब्ध,
सबंधी,,सबंध,ी
धानी,,धान,ी
सौपेंगे,,सौप,ेंगे
लालिमायुक्त,,लालिमा,युक्त
कोेशिका,,कोेशिका,
प्रतिजैविक,प्रति,जैविक,
पट्टियाँ,,पट्ट,ियाँ
आघूर्ण,आ,घूर्ण,
पिघलाए,,पिघला,ए
अतिसरलीकृत,अति,सरलीकृत,
खलिहान,,खलिहान,
अफिफया,,अफिफ,या
सन्निपात,,सन्निपात,
भूमंडलीकरण,,भूमंडल,ीकरण
निकटदृष्टि,निकट,दृष्टि,
शूल,,शूल,
नुक्कड़नाटक,,नुक्कड़नाटक,
उछाला,,उछाल,ा
तिलिस्म,,तिलिस्म,
मार्गकर,,मार्ग,कर
कसने,,कसन,े
प्रक्षेपण,,प्रक्षेपण,
मन्त्रिमण्डल,,मन्त्रिमण्डल,
जिसकी,,जिसक,ी
घमंडी,,घमंड,ी
लगाए,,लगा,ए
उड्डयन,,उड्डयन,
अतिवेशित,,अतिवेश,ित
पुतली,,पुतल,ी
स्‍वास्‍थ्‍य,,स्‍वास्‍थ्‍य,
तीरंदाज़,,तीरंदाज़,
पुट,,पुट,
फलतः,,फल,तः
सहेलियां,,सहेल,ियां
नामकरण,,नामकरण,
कोड़ा,,कोड़ा,
ताकूंगा,,ताक,ूंगा
स्वार्थी,,स्वार्थ,ी
ऐथनौल,,ऐथनौल,
अर्थोपाय,,अर्थ,ोपाय
रिले,,रिल,े
बागड़ोर,,बागड़ोर,
चुकोगे,,चुक,ोगे
धड़ल्ले,,धड़ल्ल,े
बलवन्तों,,बलवन्त,ों
अनासक्त,अना,सक्त,
उलाहने,,उलाहन,े
सभों,,सभ,ों
कीटभक्षक,,कीटभक्षक,
तहश,,तहश,
मिल्लो,,मिल,्लो
वाक़िफ़,,वाक़िफ़,
सौरभ,,सौरभ,
लौग,,लौग,
ख्रण,,ख्रण,
प्रशीतित,,प्रशीत,ित
लूबी,,लूब,ी
अन्योंसे,,अन्य,ोंसे
आशावादिता,,आशावाद,िता
दुलाई,,दुला,ई
मोड़ा,,मोड़,ा
बिरुले,,बिरुल,े
सूर्यमुखी,,सूर्यमुख,ी
सारपत्र,,सारपत्र,
निर्जीवाणुकता,,निर्जीवाणु,कता
अस्तित्वहीन,,अस्तित्व,हीन
समयबद्ध,,समय,बद्ध
चपरासी,,चपरासी,
निदर्श,,निदर्श,
विचक्षण,,विचक्षण,
चिन्ह,,चिन्ह,
रुधिरविज्ञान,,रुधिरविज्ञान,
सूँघता,,सूँघ,ता
आत्मभारित,,आत्मभार,ित
मूढ़,,मूढ़,
पूर्वी,,पूर्व,ी
सझलकता,,सझल,कता
हुआँ,,हुआँ,
कूक,,कूक,
बोबा,,बोबा,
न्यूनता,,न्यून,ता
अपराधशील,,अपराध,शील
तख्ता,,तख्त,ा
उत्तरपूर्वीय,,उत्तरपूर्व,ीय
मिलेगी,,मिल,ेगी
उत्तेजन,,उत्तेजन,
चरित,,चरित,
दागकर,,दाग,कर
स्वावलंबन,स्व,ावलंबन,
अमालेकियों,,अमालेक,ियों
मोसेरोत,,मोसेर,ोत
व्यूह,,व्यूह,
ओतप्रोत,,ओतप्रोत,
खपत,,खपत,
परांकनकर्ता,,परांकन,कर्ता
धोख़ा,,धोख़ा,
चींथना,,चींथ,ना
यूनिडिर,,यूनिडिर,
पच्छिम,,पच्छिम,
पीटर,,पीट,र
चटखनी,,चटख,नी
अनुकरणात्मक,,अनुकरण,ात्मक
खभरा,,खभर,ा
अं‍तरिक्ष,,अं‍तरिक्ष,
ट्रान्ज़िस्टर,,ट्रान्ज़िस्टर,
देवकथा,,देवकथा,
केद्र,,केद्र,
हाइपरटेक्स्ट,,हाइपरटेक्स्ट,
रौड,,रौड,
क्रास,,क्रास,
हंसता,,हंस,ता
अभिवंदनीय,अभि,वंदनीय,
काष्ठकर्म,काष्ठ,कर्म,
शास्त्र,,शास्त्र,
मृतक,,मृत,क
तेल,,तेल,
अपनाने,,अपना,ने
जानोह,,जान,ोह
हिमबाधित,हिम,बाधित,
यापो,,यापो,
उपासकों,,उपासक,ों
मत्स्यांड,,मत्स्य,ांड
फालसा,,फालसा,
सुनाने,,सुना,ने
नवशिष्य,नव,शिष्य,
तीरछा,,तीरछा,
आत्मलीन,,आत्म,लीन
इफिसुस,,इफिसुस,
खिसकाना,,खिसक,ाना
मढ़ी,,मढ़,ी
असमंजित,अ,समंजित,
लथ,,लथ,
१६वाँ,,१६वाँ,
अज्मावेत,,अज्म,ावेत
स्खलित,,स्खल,ित
भेजने,,भेज,ने
हॉर्मोन,,हॉर्मोन,
आवासिक,,आवास,िक
राजप्रतिनिधिअ,राज,प्रतिनिध,िअ
ढ़ाढ़स,,ढ़ाढ़स,
अनदेखी,,अनदेखी,
कारखानों,,कारखानों,
रोधित,,रोधित,
राजखजाने,,राजखजाने,
पितृतंत्रअ,,पितृतंत्रअ,
निरुत्साहता,,निरुत्साहता,
इश्तहारबाज़ी,,इश्तहारबाज़ी,
पिंडली,,पिंडली,
दर्कमोन,,दर्कमोन,
माघ,,माघ,
हैंहर,,हैंहर,
ख़रीदार,,ख़रीदार,
मरक्युरी,,मरक्युरी,
टूंगना,,टूंगना,
अनल,,अनल,
किचाहे,,किचाहे,
अशकलोन,,अशकलोन,
पैराग्वे,,पैराग्वे,
कलियें,,कलियें,
व्यथा,,व्यथा,
स्वेच्छाकृत,,स्वेच्छाकृत,
०तापमान,,०तापमान,
अभिलेखन,,अभिलेखन,
यमीमा,,यमीमा,
पहना,,पहना,
चिल्लाऊंगा,,चिल्लाऊंगा,
उण्डुकपुच्छोच्छेदन,,उण्डुकपुच्छोच्छेदन,
राजमुकुट,,राजमुकुट,
न्याय्यता,,न्याय्यता,
अपराधबोध,,अपराधबोध,
विचग्रास,,विचग्रास,
बागबानी,,बागबानी,
परम्परा,,परम्परा,
खुर्दुरी,,खुर्दुरी,
परिहासमय,,परिहासमय,
चूभना,,चूभना,
ठेका,,ठेका,
जीतीं,,जीतीं,
माशूख,,माशूख,
रकेबिली,,रकेबिली,
ब्रह्मत्व,,ब्रह्मत्व,
अवभाषित,,अवभाषित,
उबालने,,उबालने,
धमा,,धमा,
लक्ष्ण,,लक्ष्ण,
भर्रा,,भर्रा,
ज़ेपलिन,,ज़ेपलिन,
दहेजखोर,,दहेजखोर,
भूखों,,भूखों,
मानचित्रावली,,मानचित्रावली,
लाक,,लाक,
अंतर्गुम्फन,,अंतर्गुम्फन,
चाँदी,,चाँदी,
अल्हड़,,अल्हड़,
दुखिया,,दुखिया,
संशोधन,,संशोधन,
नाग,,नाग,
ध्वजा,,ध्वजा,
असमय,,असमय,
भेदिया,,भेदिया,
बढ़ाना,,बढ़ाना,
पर्पल,,पर्पल,
राजस्‍थान,,राजस्‍थान,
बन्दूक,,बन्दूक,
विभाग,,विभाग,
कनिष्ठ,,कनिष्ठ,
चमत्कारी,,चमत्कारी,
मुकद्दमें,,मुकद्दमें,
स्राव,,स्राव,
सोंह,,सोंह,
लिखनवाला,,लिखनवाला,
सेवाभाव,,सेवाभाव,
संन्यास,,संन्यास,
दित्सा,,दित्सा,
परिस्थितिय्ॅंआ,,परिस्थितिय्ॅंआ,
सांतरता,,सांतरता,
घटी,,घटी,
तानना,,तानना,
संस्थानों,,संस्थानों,
किरिया,,किरिया,
लैंगिकता,,लैंगिकता,
यीस्टयुक्त,,यीस्टयुक्त,
अंगड़ाइयाँ,,अंगड़ाइयाँ,
अभीप्सा,,अभीप्सा,
दुखना,,दुखना,
फँसा,,फँसा,
विलक्षण,,विलक्षण,
टैक,,टैक,
छोड़तीं,,छोड़तीं,
मिर्त्युदिवास,,मिर्त्युदिवास,
प्रौद्योगिकीय,,प्रौद्योगिकीय,
मही,,मही,
लोकभाषा,,लोकभाषा,
ग़लतफ़हमी,,ग़लतफ़हमी,
पूर्ण,,पूर्ण,
असाध्यरोग,,असाध्यरोग,
परिमाप,,परिमाप,
मैप,,मैप,
अभिगम्य,,अभिगम्य,
भारतवाक्य,,भारतवाक्य,
वलपाइ,,वलपाइ,
शेत,,शेत,
खेलती,,खेलती,
कृषिक्षेट्र,,कृषिक्षेट्र,
लघुकर्मी,,लघुकर्मी,
प्रभाव,,प्रभाव,
प्रदाह,,प्रदाह,
सचमुच,,सचमुच,
मजनू,,मजनू,
खोजा,,खोजा,
ढूॅंढ,,ढूॅंढ,
उल्ला,,उल्ला,
प्रोफेसरों,,प्रोफेसरों,
संगमन,,संगमन,
चित्रगर्दभ,,चित्रगर्दभ,
न्यूडिफ़्लोरम,,न्यूडिफ़्लोरम,
नामावलि,,नामावलि,
दरअसल,,दरअसल,
फेस्तुस,,फेस्तुस,
पहुँचाना,,पहुँचाना,
वाक्शैली,,वाक्शैली,
स्वेच्छाचार,,स्वेच्छाचार,
सिट्रीनेला,,सिट्रीनेला,
एजेंट,,एजेंट,
आन,,आन,
चलान्,,चलान्,
प्रोक्षण,,प्रोक्षण,
गदोर,,गदोर,
गबाली,,गबाली,
गईथी,,गईथी,
कंघी,,कंघी,
लोग,,लोग,
डूबकर,,डूबकर,
बिन्दुओं,,बिन्दुओं,
दन्तहीन,,दन्तहीन,
यात्रायोग्य,,यात्रायोग्य,
फहराता,,फहराता,
अदासवत,,अदासवत,
तले,,तले,
पक्के,,पक्के,
बेलबूटे,,बेलबूटे,
विदेश,,विदेश,
नम्रे,,नम्रे,
धजना,,धजना,
मानपत्र,,मानपत्र,
कार्यशाला,,कार्यशाला,
बेसबोल,,बेसबोल,
फलविक्रेता,,फलविक्रेता,
फूत्कार,,फूत्कार,
पूला,,पूला,
जलकीट,,जलकीट,
परिप्रक्ष्य,,परिप्रक्ष्य,
चढान,,चढान,
श्वासरोध,,श्वासरोध,
पाउडरअ,,पाउडरअ,
वाकिफअना,,वाकिफअना,
कार्यानुमति,,कार्यानुमति,
फज,,फज,
मचाता,,मचाता,
खिलाड़ी,,खिलाड़ी,
ख़रगोश,,ख़रगोश,
प्रेमभरी,,प्रेमभरी,
पकड़,,पकड़,
हिमच्छद,,हिमच्छद,
चूडियां,,चूडियां,
गूलरों,,गूलरों,
घनत्व,,घनत्व,
नानू,,नानू,
सभीहर,,सभीहर,
धकेलते,,धकेलते,
अस्थिमय,,अस्थिमय,
चँदा,,चँदा,
छुट्टी,,छुट्टी,
चढायी,,चढायी,
सहानुभूतिशील,,सहानुभूतिशील,
प्रतिभाहीन,,प्रतिभाहीन,
स्वरयन्त्र,,स्वरयन्त्र,
पिछल,,पिछल,
सेलोवादक,,सेलोवादक,
अत्रेजी,,अत्रेजी,
एकाग्रित,,एकाग्रित,
शोकमग्न,,शोकमग्न,
आड़ा,,आड़ा,
नीकानोर,,नीकानोर,
सुरक्षात्मकता,,सुरक्षात्मकता,
डणडे,,डणडे,
संगठक,,संगठक,
शिन्तो,,शिन्तो,
छलना,,छलना,
कूड़ादान,,कूड़ादान,
काहित,,काहित,
किमी,,किमी,
उण्डेलेंगे,,उण्डेलेंगे,
मर्दों,,मर्दों,
सेप्टेंबर,,सेप्टेंबर,
अप्रामाणित,,अप्रामाणित,
भविष्यवाण्,,भविष्यवाण्,
तमाशे,,तमाशे,
बारियें,,बारियें,
भरमाए,,भरमाए,
प्लेटफार्म,,प्लेटफार्म,
तलवार,,तलवार,
मिलापवाले,,मिलापवाले,
छतविहीन,,छतविहीन,
विच्छेद,,विच्छेद,
बायोप्सी,,बायोप्सी,
बिचली,,बिचली,
प्रदएर्शन,,प्रदएर्शन,
नजराना,,नजराना,
नगण्य,,नगण्य,
लटका,,लटका,
घंटा,,घंटा,
बुहारते,,बुहारते,
उलझनहीन,,उलझनहीन,
गिड़गिड़ाकर,,गिड़गिड़ाकर,
युखारिस्थीय,,युखारिस्थीय,
सम्मानार्थ,,सम्मानार्थ,
अपरोपण,,अपरोपण,
मूलतः,,मूलतः,
अवमर्दित,,अवमर्दित,
निर्दोषता,,निर्दोषता,
लूटना,,लूटना,
बेगुनाह,,बेगुनाह,
ज़िच,,ज़िच,
प्रतिकाशक,,प्रतिकाशक,
गृहस्वामी,,गृहस्वामी,
वधशाला,,वधशाला,
राट्रीय,,राट्रीय,
संस्कृतीकरण,,संस्कृतीकरण,
0,,0,
२०ध्२६,,२०ध्२६,
तरुणी,,तरुणी,
दिल,,दिल,
चिरौरी,,चिरौरी,
लोकोत्तर,,लोकोत्तर,
आधुनिकतावाद,,आधुनिकतावाद,
स्मृतीशलाक़ा,,स्मृतीशलाक़ा,
हुएना,,हुएना,
घुसेगा,,घुसेगा,
दोस्तों,,दोस्तों,
सौष्ठव,,सौष्ठव,
रेकरोड,,रेकरोड,
सहयात्रियों,,सहयात्रियों,
भोजनवस्तुएं,,भोजनवस्तुएं,
मर्यादाअ,,मर्यादाअ,
इए,,इए,
फायलिंग,,फायलिंग,
कबूतरों,,कबूतरों,
विषाणुनाशक,,विषाणुनाशक,
नस्लवाद,,नस्लवाद,
बागों,,बागों,
काटेंगे,,काटेंगे,
एरेकियों,,एरेकियों,
कुंवारे,,कुंवारे,
अभियोजक,,अभियोजक,
दम्पतिरूप,,दम्पतिरूप,
दशमिक,,दशमिक,
असज्जित,,असज्जित,
पूर्वज,,पूर्वज,
फाँक,,फाँक,
मीथेन,,मीथेन,
फेरती,,फेरती,
मुस्कुरा,,मुस्कुरा,
संकुचन,,संकुचन,
ग्राउण्ड,,ग्राउण्ड,
पूर्वसंध्या,,पूर्वसंध्या,
अनुपजाऊ,,अनुपजाऊ,
मत्स्यअ,,मत्स्यअ,
समर्थनअ,,समर्थनअ,
ध्वनिसह,,ध्वनिसह,
मै,,मै,
अवसादक,,अवसादक,
मनाएंगे,,मनाएंगे,
धँसते,,धँसते,
फुर्तिला,,फुर्तिला,
स्तिफनुस,,स्तिफनुस,
खाऊ,,खाऊ,
घिरी,,घिरी,
अनधिकारिक,,अनधिकारिक,
छिड़का,,छिड़का,
पुरातनिक,,पुरातनिक,
बरसाऊंगा,,बरसाऊंगा,
अत्तलिया,,अत्तलिया,
फ़ी,,फ़ी,
कटरा,,कटरा,
गद्दार,,गद्दार,
दायित्वपूर्ण,,दायित्वपूर्ण,
कल्लू,,कल्लू,
व्यवस्थाहीन,,व्यवस्थाहीन,
कहनलगा,,कहनलगा,
कस्कर,,कस्कर,
पट्ठा,,पट्ठा,
गदहों,,गदहों,
पारस्पारिक,,पारस्पारिक,
हसासोन्तामार,,हसासोन्तामार,
कमज़ोर,,कमज़ोर,
सुखान्त,,सुखान्त,
वनस्पतिज्ञ,,वनस्पतिज्ञ,
लौटकर,,लौटकर,
उबा,,उबा,
सौगनध,,सौगनध,
असमानता,,असमानता,
कौतुकी,,कौतुकी,
आत्मकता,,आत्मकता,
गुणसुत्रीसंयोजक,,गुणसुत्रीसंयोजक,
हुसैन,,हुसैन,
कन्द,,कन्द,
अश्तारोत,,अश्तारोत,
कृमिहर,,कृमिहर,
बिछाना,,बिछाना,
उक्ति,,उक्ति,
छायावादोत्‍तर,,छायावादोत्‍तर,
महनगरि,,महनगरि,
अंडपीत,,अंडपीत,
कर्म,,कर्म,
अय्याशी,,अय्याशी,
समतावादी,,समतावादी,
मँगाना,,मँगाना,
ख़िजायाहुआ,,ख़िजायाहुआ,
विद,,विद,
नहाया,,नहाया,
छिलकासहित,,छिलकासहित,
पक्का,,पक्का,
बेतेर,,बेतेर,
टैनिक,,टैनिक,
लाभदायक,,लाभदायक,
वैशाखनंदन,,वैशाखनंदन,
हुछ,,हुछ,
माउंट,,माउंट,
बेतर्बेल,,बेतर्बेल,
मलमल,,मलमल,
थंडा,,थंडा,
संभाली,,संभाली,
ज्बर,,ज्बर,
हिनहिनाहट,,हिनहिनाहट,
सधीरज,,सधीरज,
पालाक,,पालाक,
रखाव,,रखाव,
अंगीवाचक,,अंगीवाचक,
डॉलफिन,,डॉलफिन,
प्राक्रतिक,,प्राक्रतिक,
सियेरा,,सियेरा,
काष्ठशिल्प,,काष्ठशिल्प,
तेईसवीं,,तेईसवीं,
प्रभावन,,प्रभावन,
अप्षामाणिक,,अप्षामाणिक,
उबला,,उबला,
जिन्हों,,जिन्हों,
हेंडब्रेक,,हेंडब्रेक,
वधू,,वधू,
मण्डलों,,मण्डलों,
अनुरक्ति,,अनुरक्ति,
धुँधले,,धुँधले,
इसहाक,,इसहाक,
दौड़,,दौड़,
रचनाकार,,रचनाकार,
नंगाई,,नंगाई,
शेरों,,शेरों,
दृश्यों,,दृश्यों,
रसायन,,रसायन,
मुकाबला,,मुकाबला,
हॅंसी,,हॅंसी,
भ्रमता,,भ्रमता,
एग्लतशलीशिय्या,,एग्लतशलीशिय्या,
तिरतुल्लुस,,तिरतुल्लुस,
लार्जर,,लार्जर,
विदेशसचिव,,विदेशसचिव,
चोंयेटे,,चोंयेटे,
अकुलाहट,,अकुलाहट,
जफा,,जफा,
आभूषित,,आभूषित,
कम्पनी,,कम्पनी,
त्वरायिक,,त्वरायिक,
सरपट,,सरपट,
छापने,,छापने,
बासड्रम,,बासड्रम,
असम्यक्‌,,असम्यक्‌,
पित्तपथर्री,,पित्तपथर्री,
पशुपालक,,पशुपालक,
लोनवाली,,लोनवाली,
रजकुमारी,,रजकुमारी,
राजाओ,,राजाओ,
खनकना,,खनकना,
अवाक,,अवाक,
रक्तमय,,रक्तमय,
महीमा,,महीमा,
स्पष्टतया,,स्पष्टतया,
चुहा,,चुहा,
चाहूं,,चाहूं,
बेन्हैल,,बेन्हैल,
परंपरा,,परंपरा,
इशारा,,इशारा,
मौन,,मौन,
नाबोत,,नाबोत,
हर्नपाइप,,हर्नपाइप,
केंद्रबिन्दु,,केंद्रबिन्दु,
वालजीवों,,वालजीवों,
विह्‌वल,,विह्‌वल,
रयल्टी,,रयल्टी,
घुमा,,घुमा,
प्लाविक,,प्लाविक,
जीवनमूल्यों,,जीवनमूल्यों,
फ़ोबिया,,फ़ोबिया,
पकड्ॅअने,,पकड्ॅअने,
पाट्टियाँ,,पाट्टियाँ,
उत्पाती,,उत्पाती,
नकशा,,नकशा,
लपेटने,,लपेटने,
सियानों,,सियानों,
रुढ़िवादी,,रुढ़िवादी,
जमावड़ा,,जमावड़ा,
सांस्कृतिक,,सांस्कृतिक,
सदैव,,सदैव,
अनजुता,,अनजुता,
शिल्पकारिता,,शिल्पकारिता,
क्रय,,क्रय,
मंत्र,,मंत्र,
उकाब,,उकाब,
प्रदीप,,प्रदीप,
च्क्कि,,च्क्कि,
ग़ैरकानूनी,,ग़ैरकानूनी,
सिन्दूर,,सिन्दूर,
फांदोगे,,फांदोगे,
सूजना,,सूजना,
तनावमुक्ति,,तनावमुक्ति,
योसेख,,योसेख,
मछिलयों,,मछिलयों,
स्वाभिमानहीन,,स्वाभिमानहीन,
निर्धूम,,निर्धूम,
सप्तवर्षीय,,सप्तवर्षीय,
बलीशपात,,बलीशपात,
भ्रांतिअ,,भ्रांतिअ,
एनान,,एनान,
चश्माआ,,चश्माआ,
त्याग,,त्याग,
बेख़मीर,,बेख़मीर,
सूझेगा,,सूझेगा,
छाने,,छाने,
शब्दाडम्बरपूर्ण,,शब्दाडम्बरपूर्ण,
मूरा,,मूरा,
बैठाते,,बैठाते,
पतवारों,,पतवारों,
पढ़ाए,,पढ़ाए,
सूवर,,सूवर,
सूर्यों,,सूर्यों,
हँसाते,,हँसाते,
मैट्रिक्स,,मैट्रिक्स,
गवर्नरों,,गवर्नरों,
आदर्श,,आदर्श,
प्रकाशानुबर्तन,,प्रकाशानुबर्तन,
मायना,,मायना,
बौखलाना,,बौखलाना,
दागरहित,,दागरहित,
गर्भाशय,,गर्भाशय,
बांद्रा,,बांद्रा,
अक्रमिकरण,,अक्रमिकरण,
उबलना,,उबलना,
पथक,,पथक,
आवराण,,आवराण,
पालथी,,पालथी,
अन्यायसंगत,,अन्यायसंगत,
छावनी,,छावनी,
अलफ़ाज़,,अलफ़ाज़,
प्रशंसक,,प्रशंसक,
लियकनु,,लियकनु,
क्रमिक,,क्रमिक,
साराश,,साराश,
हमले,,हमले,
अविश्वस्तता,,अविश्वस्तता,
मारनेवाला,,मारनेवाला,
पश्चताप,,पश्चताप,
पाटना,,पाटना,
चोटमूलक,,चोटमूलक,
पहुँच,,पहुँच,
डेसीलिटर,,डेसीलिटर,
याशूबियों,,याशूबियों,
साइलो,,साइलो,
पारथी,,पारथी,
विदारण,,विदारण,
फूलना,,फूलना,
धुबरी,,धुबरी,
माइकेलमस,,माइकेलमस,
गोसदृश,,गोसदृश,
लाटों,,लाटों,
एलर्जि,,एलर्जि,
लियो,,लियो,
बुआजी,,बुआजी,
सरटिका,,सरटिका,
कोल्ड,,कोल्ड,
हाथों,,हाथों,
शपात,,शपात,
ढूंढ़ेगा,,ढूंढ़ेगा,
छीनता,,छीनता,
जावेगा,,जावेगा,
सम्प्रदायवादी,,सम्प्रदायवादी,
पृष्ठरक्षक,,पृष्ठरक्षक,
आज्ञार्थ,,आज्ञार्थ,
सुलग़ना,,सुलग़ना,
बांए,,बांए,
लोथार,,लोथार,
आर्कटिक,,आर्कटिक,
वाष्पचालित,,वाष्पचालित,
आरेखीय,,आरेखीय,
शिल्पकृति,,शिल्पकृति,
निस्तब्धता,,निस्तब्धता,
सहदय,,सहदय,
रुखा,,रुखा,
अतुलनात्मक,,अतुलनात्मक,
शिलाजीत,,शिलाजीत,
अतिकामुक,,अतिकामुक,
गुणदोष,,गुणदोष,
कवक,,कवक,
बीनती,,बीनती,
तकन्याह,,तकन्याह,
परीदा,,परीदा,
संशोधनीय,,संशोधनीय,
सहानुभूतिजनक,,सहानुभूतिजनक,
कसन,,कसन,
नग,,नग,
फंसना,,फंसना,
अतिशय,,अतिशय,
दुराराध्य,,दुराराध्य,
नीचले,,नीचले,
त्रयोदशी,,त्रयोदशी,
गरजे,,गरजे,
भौँक,,भौँक,
ओरेन,,ओरेन,
मेगाहर्ट्ज़,,मेगाहर्ट्ज़,
टाफ़ी,,टाफ़ी,
नामसूची,,नामसूची,
चेस्टनट,,चेस्टनट,
थामस,,थामस,
परिपूरक,,परिपूरक,
मत्तता,,मत्तता,
उतारा,,उतारा,
कांटों,,कांटों,
अंकपत्र,,अंकपत्र,
वन्याह,,वन्याह,
अमुख्य,,अमुख्य,
उजियाले,,उजियाले,
पड़ेजो,,पड़ेजो,
स्प्रिंगदार,,स्प्रिंगदार,
बेलिहाज़,,बेलिहाज़,
प्रयाग,,प्रयाग,
खुशकिस्मती,,खुशकिस्मती,
यारीम,,यारीम,
स्ट्रोक,,स्ट्रोक,
मैडागास्कर,,मैडागास्कर,
बढ़ाने,,बढ़ाने,
आपूर्ति,,आपूर्ति,
नमन्शील,,नमन्शील,
प्रभू,,प्रभू,
व्यर्थ,,व्यर्थ,
विरलता,,विरलता,
प्लाबित,,प्लाबित,
आधीनों,,आधीनों,
खाद्यार्थ,,खाद्यार्थ,
एमर्जेंसी,,एमर्जेंसी,
कुसुमादपि,,कुसुमादपि,
लौटना,,लौटना,
वैभवपूर्ण,,वैभवपूर्ण,
निमंट्रण,,निमंट्रण,
आलूश,,आलूश,
वाचिक,,वाचिक,
शैतानवाद,,शैतानवाद,
टेलस्पिन,,टेलस्पिन,
परअविनाशी,,परअविनाशी,
ज़िद,,ज़िद,
लगायाना,,लगायाना,
अघोषित,,अघोषित,
चटाई,,चटाई,
उपग्रहनिंबस,,उपग्रहनिंबस,
शशधर,,शशधर,
चील,,चील,
प्रभाववादी,,प्रभाववादी,
बोस्कतवासी,,बोस्कतवासी,
सांभरनी,,सांभरनी,
आकान,,आकान,
अनधिकार,,अनधिकार,
अपरिवर्तित,,अपरिवर्तित,
फ़्लैग,,फ़्लैग,
रिपाेर्ट,,रिपाेर्ट,
फेंकअ,,फेंकअ,
ऊँघता,,ऊँघता,
सकतामैं,,सकतामैं,
ब्रिटिशों,,ब्रिटिशों,
भड़्कीले,,भड़्कीले,
अगहन,,अगहन,
चलै,,चलै,
टोपीदार,,टोपीदार,
स्‍वादानुसार,,स्‍वादानुसार,
महापादरी,,महापादरी,
उँगली,,उँगली,
विषवमन,,विषवमन,
प्रक्रियाएँ,,प्रक्रियाएँ,
अक्रिस्टलित,,अक्रिस्टलित,
आइ,,आइ,
डेढ़,,डेढ़,
डुर्बलता,,डुर्बलता,
जोधाजी,,जोधाजी,
पीती,,पीती,
वैंकोमाइसिन,,वैंकोमाइसिन,
कररना,,कररना,
अभिवर्धित,,अभिवर्धित,
मेघपुंज,,मेघपुंज,
इमारत,,इमारत,
झुकाया,,झुकाया,
हैंमुझे,,हैंमुझे,
सीमीत,,सीमीत,
यशद,,यशद,
छाया,,छाया,
विचारक,,विचारक,
भइयों,,भइयों,
गूंथने,,गूंथने,
ऐबरडीन,,ऐबरडीन,
निराशामय,,निराशामय,
मिलिते,,मिलिते,
टिलता,,टिलता,
छोड़ूंगा,,छोड़ूंगा,
कोबरा,,कोबरा,
जवाब,,जवाब,
मुद्दों,,मुद्दों,
प्रतिच्छेदन,,प्रतिच्छेदन,
प्राँगण,,प्राँगण,
योआश,,योआश,
इमदाद,,इमदाद,
तुम्मीम,,तुम्मीम,
ब्रूसेल्स,,ब्रूसेल्स,
सगी,,सगी,
गुर्राता,,गुर्राता,
खुशमिज़ाजी,,खुशमिज़ाजी,
देरे,,देरे,
नत्थी,,नत्थी,
लडाई,,लडाई,
तुमस,,तुमस,
धुलिया,,धुलिया,
मौस्केटस,,मौस्केटस,
ढकने,,ढकने,
पट्टी,,पट्टी,
गुलिक,,गुलिक,
कंघा,,कंघा,
विमर्श,,विमर्श,
पिंडिका,,पिंडिका,
तोड़ूंगा,,तोड़ूंगा,
मुराद,,मुराद,
सत्‍यापन,,सत्‍यापन,
सुनाऊंगा,,सुनाऊंगा,
मचाना,,मचाना,
काव्यधारा,,काव्यधारा,
अधस्त्वचीय,,अधस्त्वचीय,
नारंगी,,नारंगी,
अस्विकृत,,अस्विकृत,
रूधिर,,रूधिर,
पुनरवलोकन,,पुनरवलोकन,
दूँ,,दूँ,
प्रतिभाग,,प्रतिभाग,
तोतलाना,,तोतलाना,
कैसे,,कैसे,
कृषिभूमि,,कृषिभूमि,
चितराला,,चितराला,
महत्वशाली,,महत्वशाली,
पत्तेदार,,पत्तेदार,
गंतव्य,,गंतव्य,
जननतथ्य,,जननतथ्य,
आत्माभिमान,,आत्माभिमान,
जिंदा,,जिंदा,
फिलहाल,,फिलहाल,
माहिर,,माहिर,
अंतकृत्,,अंतकृत्,
दृष्टिपटल,,दृष्टिपटल,
दंड,,दंड,
दुकानदार,,दुकानदार,
बूँदे,,बूँदे,
धूआं,,धूआं,
चित्रीय,,चित्रीय,
इमाम,,इमाम,
मुप्पीम,,मुप्पीम,
देओ,,देओ,
कठौती,,कठौती,
तर्कणावाद,,तर्कणावाद,
पुनर्प्रशिक्षण,,पुनर्प्रशिक्षण,
बोनासस,,बोनासस,
कोर्निस,,कोर्निस,
शरीफ,,शरीफ,
प्रायश्चित्त,,प्रायश्चित्त,
यिज्रेल,,यिज्रेल,
आस्तीनदार,,आस्तीनदार,
यंत्रीकरण,,यंत्रीकरण,
संगीतनाट्यशाला,,संगीतनाट्यशाला,
क्षेणी,,क्षेणी,
दाँतेदार,,दाँतेदार,
अनौन,,अनौन,
पाँसयुक्त,,पाँसयुक्त,
प्रज्ञ,,प्रज्ञ,
तालियां,,तालियां,
बूंदा,,बूंदा,
दबका,,दबका,
मुर्झानेवाला,,मुर्झानेवाला,
यिश्री,,यिश्री,
पनपने,,पनपने,
उभ्यलिंगी,,उभ्यलिंगी,
अम्मोनियोंने,,अम्मोनियोंने,
निष्क्रेय,,निष्क्रेय,
विद्युत्,,विद्युत्,
अपूर्व,,अपूर्व,
पंचतंत्र,,पंचतंत्र,
आर्कषक,,आर्कषक,
प्राप्तकर्ता,,प्राप्तकर्ता,
पिछलगा,,पिछलगा,
सोखते,,सोखते,
वल्लभाचार्य,,वल्लभाचार्य,
हतीपा,,हतीपा,
प्रतिष्‍ठित,,प्रतिष्‍ठित,
कलाई,,कलाई,
भेषजीय,,भेषजीय,
अटल,,अटल,
ढलवाया,,ढलवाया,
हांफ,,हांफ,
अंतर्मुखता,,अंतर्मुखता,
गृहधाम,,गृहधाम,
पड़ेंगे,,पड़ेंगे,
अम्भोज,,अम्भोज,
एकोनाइटम,,एकोनाइटम,
बच्चे,,बच्चे,
गमनीय,,गमनीय,
अवर्णता,,अवर्णता,
रास्‍ता,,रास्‍ता,
क्लंक,,क्लंक,
उपलक्ष,,उपलक्ष,
मंंे,,मंंे,
फन्दों,,फन्दों,
तनापूर्ण,,तनापूर्ण,
विरामादि,,विरामादि,
ठठेरे,,ठठेरे,
ठौस,,ठौस,
स्फुलित,,स्फुलित,
निम्न,,निम्न,
गद्गद्स्वर,,गद्गद्स्वर,
जलावर्त,,जलावर्त,
अधिरचना,,अधिरचना,
छिद्र्,,छिद्र्,
छपवाते,,छपवाते,
निश्वासन्,,निश्वासन्,
माडेल,,माडेल,
हम्मोन,,हम्मोन,
अर्थपूर्णतासे,,अर्थपूर्णतासे,
खुरपका,,खुरपका,
भरकर,,भरकर,
आर्थिक,,आर्थिक,
पेंटर,,पेंटर,
गवाना,,गवाना,
फर्वर्ड,,फर्वर्ड,
हर्स,,हर्स,
घेरेंगे,,घेरेंगे,
मांगता,,मांगता,
उतेजक,,उतेजक,
झाँझर,,झाँझर,
छुरी,,छुरी,
निर्जीवप्राय,,निर्जीवप्राय,
अरूपांतरणीय,,अरूपांतरणीय,
रोऊंगा,,रोऊंगा,
सभेंट,,सभेंट,
द्विभुज,,द्विभुज,
फ्लू,,फ्लू,
कर्तृत्व,,कर्तृत्व,
बघारना,,बघारना,
परचून,,परचून,
खांच,,खांच,
ओवरकोट,,ओवरकोट,
गुणागुणज्ञ,,गुणागुणज्ञ,
बिराजने,,बिराजने,
सोरवासी,,सोरवासी,
सताया,,सताया,
पुष्पांजलि,,पुष्पांजलि,
पहनें,,पहनें,
छोड़ती,,छोड़ती,
घंटेभर,,घंटेभर,
घेराबन्धी,,घेराबन्धी,
कन्डोमिनियम,,कन्डोमिनियम,
वाद्य,,वाद्य,
उत्तरचिंतन,,उत्तरचिंतन,
शहद,,शहद,
यौवनारंभ,,यौवनारंभ,
मिकाएल,,मिकाएल,
विवाहेतर,,विवाहेतर,
आवश्यकताओं,,आवश्यकताओं,
सेएना,,सेएना,
चर्मप्रसाधन,,चर्मप्रसाधन,
गबनना,,गबनना,
परखना,,परखना,
मुष्टिप्रहार,,मुष्टिप्रहार,
नाट्यीकरण,,नाट्यीकरण,
टंगकर,,टंगकर,
इस्तिर,,इस्तिर,
सभाएँ,,सभाएँ,
तेलहर्शा,,तेलहर्शा,
सुनयन,,सुनयन,
दुहने,,दुहने,
हँसोड़,,हँसोड़,
वृधाश्रम,,वृधाश्रम,
सहायताप्राप्त,,सहायताप्राप्त,
मलकर,,मलकर,
लॉर्ड,,लॉर्ड,
गौशाला,,गौशाला,
शिम्रोनियों,,शिम्रोनियों,
डन,,डन,
भविष्यत,,भविष्यत,
इकतीसवें,,इकतीसवें,
कुटुम्ब,,कुटुम्ब,
प्रूसिक,,प्रूसिक,
अन्तडिय़ां,,अन्तडिय़ां,
लल्लोपत्तो,,लल्लोपत्तो,
यौगिकोंका,,यौगिकोंका,
पिली,,पिली,
अकुशल,,अकुशल,
चुकन्दर,,चुकन्दर,
धूर्त्तता,,धूर्त्तता,
वंद्य,,वंद्य,
दुर्नियोजित,,दुर्नियोजित,
मोमजामा,,मोमजामा,
धात्विक,,धात्विक,
सीवान,,सीवान,
झंकार,,झंकार,
44,,44,
महाविजय,,महाविजय,
डाल,,डाल,
नग्न,,नग्न,
आंसु,,आंसु,
फेंटना,,फेंटना,
कप्रमाण,,कप्रमाण,
महारने,,महारने,
जलप्लावन,,जलप्लावन,
ढंगअ,,ढंगअ,
कहूँ,,कहूँ,
आत्मचिट्र,,आत्मचिट्र,
चौकना,,चौकना,
युहन्ना,,युहन्ना,
बड़प्पन,,बड़प्पन,
प्र्त्याहृत,,प्र्त्याहृत,
रा,,रा,
ससन्देह,,ससन्देह,
जबरदस्त,,जबरदस्त,
यूनानियों,,यूनानियों,
अजमोद,,अजमोद,
पश्चदर्शी,,पश्चदर्शी,
प्रतिसंतुलन,,प्रतिसंतुलन,
झुण्ड़,,झुण्ड़,
कढना,,कढना,
मकराकार,,मकराकार,
सूक्ष्मजीव,,सूक्ष्मजीव,
खातीं,,खातीं,
नशीले,,नशीले,
गिवे,,गिवे,
भुक्तक्रिया,,भुक्तक्रिया,
छोडूँगा,,छोडूँगा,
असमाजशील,,असमाजशील,
फुंकारते,,फुंकारते,
जादूसा,,जादूसा,
अंतर्ग्रहण,,अंतर्ग्रहण,
कार्यावली,,कार्यावली,
षट्कोणीय,,षट्कोणीय,
कैबरे,,कैबरे,
एकलिंगी,,एकलिंगी,
अतिचेताना,,अतिचेताना,
चिज्रैल,,चिज्रैल,
बंदे,,बंदे,
रोएंगी,,रोएंगी,
विलोपन,,विलोपन,
अभियान्त्रिकी,,अभियान्त्रिकी,
दैवदुर्विपाक,,दैवदुर्विपाक,
ईसाई,,ईसाई,
सिसकारयुक्त,,सिसकारयुक्त,
पिपत्ति,,पिपत्ति,
कइ,,कइ,
रिरियाहट,,रिरियाहट,
घण्टियोँ,,घण्टियोँ,
सुसंगतता,,सुसंगतता,
भविश्यद्वक्ताओं,,भविश्यद्वक्ताओं,
हाइक्,,हाइक्,
पुरनिए,,पुरनिए,
विविधता,,विविधता,
तिबिरियास,,तिबिरियास,
प्राफ्त,,प्राफ्त,
मार्गयोग्यता,,मार्गयोग्यता,
स्पर्शकिए,,स्पर्शकिए,
एश्बान,,एश्बान,
हरिश्चंद्र,,हरिश्चंद्र,
अड़ियल,,अड़ियल,
फुफ्फुसी,,फुफ्फुसी,
निश्चिंततः,,निश्चिंततः,
तमाशा,,तमाशा,
खोजकार्य,,खोजकार्य,
हामूल,,हामूल,
प्रतिष्ठापूर्ण,,प्रतिष्ठापूर्ण,
काँजीहाउस,,काँजीहाउस,
गुड़,,गुड़,
सूसन्नाह,,सूसन्नाह,
नकि,,नकि,
पहाडों,,पहाडों,
अवखंडन,,अवखंडन,
अविद्वेशपूर्ण,,अविद्वेशपूर्ण,
शरमीदगी,,शरमीदगी,
आदमियों,,आदमियों,
दिगपालबल,,दिगपालबल,
मणिधर,,मणिधर,
मूर्तिपूजा,,मूर्तिपूजा,
बैर,,बैर,
खंडअ,,खंडअ,
अस्तरित,,अस्तरित,
पिचक,,पिचक,
परकोटे,,परकोटे,
काॅपी,,काॅपी,
कमाऊंगा,,कमाऊंगा,
नासाछिद्र,,नासाछिद्र,
रोमहीन,,रोमहीन,
छब,,छब,
बहिनों,,बहिनों,
युनानियों,,युनानियों,
बृहतआ,,बृहतआ,
छड़ीई,,छड़ीई,
भैया,,भैया,
बटरस्कौच,,बटरस्कौच,
प्रथमना,,प्रथमना,
सफल,,सफल,
अनवधान,,अनवधान,
महरौली,,महरौली,
तन्हूमेत,,तन्हूमेत,
पशुगामी,,पशुगामी,
सिपाहियाना,,सिपाहियाना,
मंचविधान,,मंचविधान,
एशबाल,,एशबाल,
ऋक्षपति,,ऋक्षपति,
उच्चपदस्थ,,उच्चपदस्थ,
18,,18,
टिडियों,,टिडियों,
कॉल,,कॉल,
अन्तःकेन्द्रिक,,अन्तःकेन्द्रिक,
पुलिसवाला,,पुलिसवाला,
प्याज़,,प्याज़,
एलार्म,,एलार्म,
भिड़,,भिड़,
कांपती,,कांपती,
स्पा,,स्पा,
राजत,,राजत,
वीर,,वीर,
धोने,,धोने,
कुदाल,,कुदाल,
वार्निश,,वार्निश,
पेंसन,,पेंसन,
जोती,,जोती,
फिलिग,,फिलिग,
महाराजाधिराज,,महाराजाधिराज,
ज्‍योति,,ज्‍योति,
खड़ाऊँ,,खड़ाऊँ,
असाक्षिक,,असाक्षिक,
पट्र्,,पट्र्,
खोद्ना,,खोद्ना,
कं़पा,,कं़पा,
सुखभोगी,,सुखभोगी,
आलूबुखारा,,आलूबुखारा,
सिफारिश,,सिफारिश,
दर्शाया,,दर्शाया,
ठंडेपन,,ठंडेपन,
नाते,,नाते,
दुष्कर्मी,,दुष्कर्मी,
वशीभूत,,वशीभूत,
वाणिज्यिक,,वाणिज्यिक,
पढ़नवाले,,पढ़नवाले,
वाबैश,,वाबैश,
अन्तर्नगरी,,अन्तर्नगरी,
चुका,,चुका,
उधार,,उधार,
हबशी,,हबशी,
उद्दीपन,,उद्दीपन,
अनर्थियों,,अनर्थियों,
तिरोभाव,,तिरोभाव,
चीरती,,चीरती,
द्विवार्षिकी,,द्विवार्षिकी,
श्रद्धापूर्ण,,श्रद्धापूर्ण,
शीलोई,,शीलोई,
क़दम,,क़दम,
नागराज,,नागराज,
नेटल,,नेटल,
कानौकर,,कानौकर,
वैक्स,,वैक्स,
प्रियो,,प्रियो,
हव्यों,,हव्यों,
अभिहित,,अभिहित,
जलयान,,जलयान,
राका,,राका,
खासी,,खासी,
खुदी,,खुदी,
बैकर्ता,,बैकर्ता,
गुण,,गुण,
लाेगों,,लाेगों,
बदनामी,,बदनामी,
हिमद्रि,,हिमद्रि,
उपचरण,,उपचरण,
चक्करदार,,चक्करदार,
ली,,ली,
अगुआ,,अगुआ,
लोककथाओ,,लोककथाओ,
डाकिया,,डाकिया,
चट्टानें,,चट्टानें,
सरकण्डों,,सरकण्डों,
टोटमवाद,,टोटमवाद,
प्राणिविज्ञानी,,प्राणिविज्ञानी,
देहलीज,,देहलीज,
नासदानी,,नासदानी,
रैवेनला,,रैवेनला,
गिराव,,गिराव,
ब्रेस्ट,,ब्रेस्ट,
अल्पावधिक,,अल्पावधिक,
यहिय्याह,,यहिय्याह,
आन्धियां,,आन्धियां,
चौड़,,चौड़,
अनुशासनहीनता,,अनुशासनहीनता,
उद्घोष,,उद्घोष,
बूझाँ,,बूझाँ,
शिव,,शिव,
ढिंढोरिये,,ढिंढोरिये,
सतर्क,,सतर्क,
बंबर,,बंबर,
ढाओ,,ढाओ,
सर्वप्रिय,,सर्वप्रिय,
घरघराहटदार,,घरघराहटदार,
आख्यान,,आख्यान,
जमना,,जमना,
बेशर्त,,बेशर्त,
चौबीसों,,चौबीसों,
परिपूऋण,,परिपूऋण,
असममित,,असममित,
बेठक,,बेठक,
कनाडा,,कनाडा,
संबन्ध्,,संबन्ध्,
लकडिय़ां,,लकडिय़ां,
डाग,,डाग,
अधिपत्य,,अधिपत्य,
जिसमे,,जिसमे,
ख़ुशामद,,ख़ुशामद,
संलग्नशीलता,,संलग्नशीलता,
हैल्मेटधारी,,हैल्मेटधारी,
दिरद्रता,,दिरद्रता,
झोपड़ी,,झोपड़ी,
सर्वभौम,,सर्वभौम,
छलबम,,छलबम,
शोरबा,,शोरबा,
क्षमारिहत,,क्षमारिहत,
पर्वतीय,,पर्वतीय,
कोडा,,कोडा,
सुसंचालित,,सुसंचालित,
इजाफा,,इजाफा,
विज्ञानगल्प,,विज्ञानगल्प,
नर्मी,,नर्मी,
नौसिखिआ,,नौसिखिआ,
नलिकाकार,,नलिकाकार,
मैड,,मैड,
कपीर,,कपीर,
ट्रेलर,,ट्रेलर,
चिनगारी,,चिनगारी,
उदय,,उदय,
उपोत्पाद,,उपोत्पाद,
ऐडी,,ऐडी,
नर्मता,,नर्मता,
आठवाँ,,आठवाँ,
सीवनदार,,सीवनदार,
वेष्टन,,वेष्टन,
क्रिड़ा,,क्रिड़ा,
बेशुध,,बेशुध,
फुटा,,फुटा,
घूमअना,,घूमअना,
उन्हो,,उन्हो,
बेतलेहेमी,,बेतलेहेमी,
हाइड,,हाइड,
बरदास्तअना,,बरदास्तअना,
